collection/ghas/reward/episode_reward_mean,train/orchestrator/explained_variance,collection/orchestrator/reward/episode_reward_min,counters/total_frames,train/orchestrator/entropy,_timestamp,eval/orchestrator/reward/episode_reward_mean,train/orchestrator/grad_norm_loss_critic,train/ghas/clip_fraction,train/ghas/entropy,train/orchestrator/loss_objective,timers/total_time,train/orchestrator/kl_approx,train/transporter/explained_variance,collection/orchestrator/reward/episode_reward_mean,train/ghas/loss_entropy,collection/reward/reward_min,eval/orchestrator/reward/episode_reward_min,train/ghas/loss_objective,collection/transporter/reward/episode_reward_min,eval/ghas/reward/episode_reward_min,train/transporter/grad_norm_loss_critic,collection/transporter/reward/episode_reward_max,timers/evaluation_time,eval/transporter/reward/episode_reward_min,train/transporter/loss_objective,train/orchestrator/ESS,train/transporter/loss_critic,collection/orchestrator/reward/episode_reward_max,eval/orchestrator/reward/episode_reward_max,collection/transporter/reward/episode_reward_mean,train/orchestrator/loss_critic,collection/ghas/reward/episode_reward_max,counters/iter,train/ghas/grad_norm_loss_critic,_step,timers/iteration_time,collection/reward/reward_mean,train/orchestrator/loss_entropy,train/ghas/kl_approx,eval/ghas/reward/episode_reward_max,eval/transporter/reward/episode_reward_max,train/transporter/ESS,_runtime,eval/reward/episode_len_mean,train/transporter/clip_fraction,eval/reward/episode_reward_mean,eval/transporter/reward/episode_reward_mean,eval/reward/episode_reward_min,collection/ghas/reward/episode_reward_min,eval/reward/episode_reward_max,train/transporter/entropy,timers/collection_time,train/ghas/ESS,train/ghas/loss_critic,collection/reward/episode_reward_max,train/orchestrator/grad_norm_loss_objective,collection/reward/episode_reward_mean,collection/reward/reward_max,train/transporter/loss_entropy,eval/ghas/reward/episode_reward_mean,collection/reward/episode_reward_min,counters/current_frames,timers/training_time,train/ghas/explained_variance,train/transporter/grad_norm_loss_objective,train/transporter/kl_approx,train/ghas/grad_norm_loss_objective,train/orchestrator/clip_fraction,num_epoch
-4.90334939956665,0.9268485307693481,-10.080979347229004,691200.0,4.977052211761475,1781023154.8771427,,0.11129032075405121,0.11676760017871857,4.6885294914245605,0.2673255205154419,3979.2851338386536,0.04661082848906517,0.9492287635803223,-6.031516075134277,-0.004688529297709465,-0.023129619657993317,,0.21076516807079315,-13.527152061462402,,0.20377808809280396,-6.696290016174316,,,0.4468449652194977,0.9396114945411682,0.013827463611960411,-3.3690011501312256,,-9.672319412231445,0.00871212687343359,-2.34926438331604,4,0.12925398349761963,4,784.5906920433044,-0.0041885520331561565,-0.004977052565664053,0.05547231808304787,,,0.9421624541282654,3979.368197826,,0.13503417372703552,,,,-9.04055404663086,,3.730518341064453,773.9582290649414,0.6782620549201965,0.009117654524743557,-4.173190116882324,0.031101344153285027,-6.8690619468688965,4.999999873689376e-05,-0.0037305187433958054,,-10.874141693115234,138240,10.628506183624268,0.9225839376449585,0.035035837441682816,0.030966319143772125,0.02500183694064617,0.170382559299469,5
-5.322358131408691,0.8602224588394165,-10.433123588562012,1382400.0,4.845056533813477,1781027186.9039721,-0.02598660998046398,0.08224157989025116,0.10631035268306732,4.297910690307617,0.1790807992219925,8010.435599327087,0.04726684093475342,0.917573094367981,-6.3162841796875,-0.004297911189496517,-0.0280159879475832,-0.026641085743904114,0.1479928195476532,-12.923856735229492,0.021190833300352097,0.147917240858078,-5.880870342254639,68.55695390701294,-0.026641085743904114,0.2603861689567566,0.918570876121521,0.012249302119016647,-3.524585247039795,-0.024775000289082527,-9.401756286621094,0.009093351662158966,-2.5365149974823,9,0.07087621092796326,9,861.1179378032684,-0.004386309068650007,-0.0048450566828250885,0.03862613067030907,0.024699747562408447,-0.024775000289082527,0.9451947808265686,8011.39500075,1440.0,0.14314687252044678,-0.010143831372261047,-0.02598660998046398,-0.010686389170587063,-9.599857330322266,-0.009453056380152702,3.67510986328125,781.784462928772,0.7957824468612671,0.009742634370923042,-4.093132972717285,0.030663935467600822,-7.013465881347656,4.999999873689376e-05,-0.003675109939649701,0.021541723981499672,-10.979393005371094,138240,10.76253890991211,0.8713464736938477,0.025582652539014816,0.031587813049554825,0.017207222059369087,0.179592102766037,10
-5.0415472984313965,0.8971579074859619,-9.32986068725586,2073600.0,5.016117095947266,1781031259.5511675,,0.05752637982368469,0.06987937539815903,4.776235580444336,0.08777932822704315,12082.200192451477,0.036388203501701355,0.9251248836517334,-6.090915203094482,-0.00477623613551259,-0.0252056997269392,,0.0822199136018753,-13.99618148803711,,0.10004393011331558,-6.304595947265625,,,0.15980878472328186,0.9746202826499939,0.009709814563393593,-3.5387353897094727,,-9.430289268493652,0.00675191730260849,-2.4975745677948,14,0.04471027851104736,14,787.4897029399872,-0.004229801706969738,-0.0050161173567175865,0.010557455942034721,,,0.9637007117271423,12084.042160334,,0.14413970708847046,,,,-8.127971649169922,,3.6423377990722656,776.7153012752533,0.9806094765663147,0.007601476274430752,-4.113635540008545,0.018773088231682777,-6.854250907897949,4.512087252805941e-05,-0.0036423380952328444,,-10.484671592712402,138240,10.771178960800171,0.8409687280654907,0.019297484308481216,0.025226278230547905,0.006855127867311239,0.18065953254699707,15
-4.723247528076172,0.9046145677566528,-10.02192497253418,2764800.0,5.023717880249023,1781035243.886072,-0.026067757979035378,0.048530735075473785,0.0413903146982193,4.955805778503418,0.02799248695373535,16065.652026414871,0.021239187568426132,0.928443193435669,-5.675832271575928,-0.004955805838108063,-0.050599221140146255,-0.027427567169070244,0.04419660568237305,-13.045406341552734,0.021190833300352097,0.07077229022979736,-5.787827491760254,68.24792385101318,-0.027427567169070244,0.06287609040737152,0.9781115651130676,0.008655110374093056,-3.0467734336853027,-0.024775000289082527,-8.771427154541016,0.006427988409996033,-2.146923065185547,19,0.05906356871128082,19,848.3370723724365,-0.003941550385206938,-0.0050237178802490234,0.010109253227710724,0.025734692811965942,-0.024775000289082527,0.9839907884597778,16068.37716694,1440.0,0.10360468924045563,-0.01016343291848898,-0.026067757979035378,-0.010686389170587063,-9.138008117675781,-0.009453056380152702,3.6319003105163574,769.3451383113861,0.9817889332771301,0.007695086300373077,-3.660507917404175,0.016475211828947067,-6.390169143676758,4.999999873689376e-05,-0.003631900530308485,0.02164521813392639,-10.735113143920898,138240,10.730650901794434,0.8284945487976074,0.013818490318953991,0.013441719114780426,0.005639487411826849,0.17056161165237427,20
-4.701393127441406,0.9215011596679688,-9.594942092895508,3456000.0,4.990025520324707,1781039153.3799872,,0.04760871082544327,0.036742597818374634,5.076489448547363,0.013266333378851414,19974.171073675156,0.017759062349796295,0.9388813972473145,-5.611875057220459,-0.005076488945633173,-0.022583145648241043,,0.03240067511796951,-12.27271842956543,,0.06139739975333214,-5.683932781219482,,,0.020207010209560394,0.977933406829834,0.007473307196050882,-2.8569276332855225,,-8.470439910888672,0.005226099863648415,-2.0051698684692383,24,0.05278238654136658,24,792.8159923553467,-0.003897135378792882,-0.004990025423467159,0.008896436542272568,,,0.985283374786377,19977.871029937,,0.09301938116550446,,,,-8.797650337219238,,3.624147653579712,781.2403695583344,0.9840657711029053,0.006100240163505077,-3.515343427658081,0.015964943915605545,-6.261237144470215,4.7872021241346374e-05,-0.0036241477355360985,,-10.221771240234375,138240,11.571597576141357,0.8727055788040161,0.012491201050579548,0.009187803603708744,0.005162059795111418,0.1745980679988861,25
-4.6646013259887695,0.9058361053466797,-10.199917793273926,4147200.0,4.959892272949219,1781043122.8298886,-0.02592250145971775,0.05717591941356659,0.033064890652894974,5.111761093139648,-0.004965711385011673,23942.59263110161,0.011744380928575993,0.9272085428237915,-5.49335241317749,-0.005111761391162872,-0.028786322101950645,-0.026624999940395355,0.013096706941723824,-13.041892051696777,0.10123331844806671,0.06726494431495667,-5.3063740730285645,70.3359477519989,-0.026624999940395355,-0.00911974161863327,0.9770511388778687,0.008842617273330688,-2.665238618850708,-0.024775000289082527,-8.137290000915527,0.006645942106842995,-1.915823221206665,29,0.05361757054924965,29,849.9781930446625,-0.003814828349277377,-0.004959892947226763,0.007593507878482342,0.10123331844806671,-0.024775000289082527,0.9854927659034729,23947.320928929,1440.0,0.09628047049045563,0.016462774947285652,-0.02592250145971775,0.015994440764188766,-9.379438400268555,0.0172277744859457,3.5973267555236816,768.9108054637909,0.9859015941619873,0.007936866022646427,-3.3086142539978027,0.019532782956957817,-6.098414421081543,4.999999873689376e-05,-0.0035973270423710346,0.10123331844806671,-10.873748779296875,138240,10.718099117279053,0.8502669334411621,0.014505118131637573,0.0072421720251441,0.006034779362380505,0.18712970614433289,30
-4.545498847961426,0.9043934345245361,-8.812433242797852,4838400.0,4.914402484893799,1781047016.6415653,,0.08646315336227417,0.03446689248085022,5.108215808868408,-0.010391075164079666,27835.44145131111,0.010049986653029919,0.9214792251586914,-5.341347694396973,-0.005108215846121311,-0.018251625820994377,,0.003459369298070669,-11.282950401306152,,0.06111134588718414,-3.5401995182037354,,,-0.014377735555171967,0.9775791168212891,0.00822284072637558,-1.3902372121810913,,-7.8694000244140625,0.006315112113952637,-0.7854048609733582,34,0.07700689136981964,34,777.7653961181641,-0.0037092685233801603,-0.00491440249606967,0.0074126943945884705,,,0.9858053922653198,27841.132565194,,0.0927901566028595,,,,-7.9979071617126465,,3.549898624420166,767.0880215167999,0.9861501455307007,0.007986657321453094,-1.905280590057373,0.021150853484869003,-5.918749809265137,4.999999873689376e-05,-0.003549898974597454,,-9.36443042755127,138240,10.674199342727661,0.8476406335830688,0.015230082906782627,0.005475970450788736,0.0070822592824697495,0.18342871963977814,35
-4.87535285949707,0.8639434576034546,-10.947858810424805,5529600.0,4.861798286437988,1781050979.6030076,-0.026077115908265114,0.05744432657957077,0.04067947715520859,5.113358974456787,0.013007174246013165,31797.44575071335,0.018954439088702202,0.8910951614379883,-5.6077985763549805,-0.005113359075039625,-0.03523018956184387,-0.028096171095967293,0.021597130224108696,-13.536972999572754,0.11608995497226715,0.058466192334890366,-4.597338676452637,70.09964489936829,-0.028096171095967293,5.031288310419768e-05,0.9747504591941833,0.009998294524848461,-2.654794931411743,-0.024775000289082527,-7.90425968170166,0.007742377929389477,-1.7153197526931763,39,0.06578026711940765,39,847.6331341266632,-0.0038943043909966946,-0.004861799068748951,0.007757173851132393,0.1229458749294281,-0.024775000289082527,0.9853192567825317,31804.094038311,1440.0,0.09742702543735504,0.021543357521295547,-0.026077115908265114,0.020950820297002792,-10.226829528808594,0.022251179441809654,3.502208709716797,766.7640340328217,0.9860939979553223,0.009567556902766228,-3.137631893157959,0.02353062480688095,-6.129137992858887,4.999999873689376e-05,-0.0035022087395191193,0.11678429692983627,-11.570554733276367,138240,10.755976676940918,0.8124927878379822,0.01685715839266777,0.008106029592454433,0.008889678865671158,0.20637840032577515,40
-4.846640586853027,0.8531234860420227,-9.907745361328125,6220800.0,4.804764747619629,1781054872.395321,,0.05829957127571106,0.03908069431781769,5.119765758514404,0.011107785627245903,35689.27738595009,0.018972432240843773,0.8724061250686646,-5.5558013916015625,-0.005119766108691692,-0.025454936549067497,,0.018960289657115936,-11.842229843139648,,0.06578255444765091,-4.2265753746032715,,,-0.004716759081929922,0.9743698239326477,0.01081477478146553,-2.1976168155670166,,-7.68897008895874,0.008128147572278976,-1.5837090015411377,44,0.05024561285972595,44,777.5753443241119,-0.0038581944536417723,-0.004804765339940786,0.007555401884019375,,,0.9853125810623169,35696.88638102,,0.09748263657093048,,,,-9.202422142028809,,3.4643521308898926,766.8076179027557,0.9862574338912964,0.010537478141486645,-2.7292723655700684,0.027583399787545204,-6.030470848083496,4.999999873689376e-05,-0.0034643521066755056,,-10.265975952148438,138240,10.763701438903809,0.7953379154205322,0.01890239492058754,0.007335972506552935,0.009588560089468956,0.2106761634349823,45
-5.156145095825195,0.8309471607208252,-11.481965065002441,6912000.0,4.746842384338379,1781058834.9317045,-0.02592250145971775,0.10133130848407745,0.052002064883708954,5.115095138549805,0.03644639253616333,39650.838379621506,0.028442347422242165,0.848586916923523,-5.815834045410156,-0.005115095525979996,-0.029714718461036682,-0.026624999940395355,0.03713127225637436,-13.628177642822266,0.0985187441110611,0.087947778403759,-3.473504066467285,70.7758195400238,-0.026624999940395355,0.014445940032601357,0.970079243183136,0.01600564271211624,-1.6274874210357666,-0.024775000289082527,-7.769091606140137,0.011914132162928581,-0.8611173629760742,49,0.10250002890825272,49,847.9043965339661,-0.004038773477077484,-0.004746842198073864,0.008272815495729446,0.09973489493131638,-0.024775000289082527,0.983556866645813,39659.422606159,1440.0,0.11553999781608582,0.015801146626472473,-0.02592250145971775,0.015089581720530987,-10.822650909423828,0.016728300601243973,3.4193360805511475,766.4921169281006,0.9854166507720947,0.017305895686149597,-2.0533699989318848,0.034521542489528656,-6.247023582458496,4.999999873689376e-05,-0.003419336397200823,0.09924843162298203,-11.977598190307617,138240,10.623128890991211,0.7533121109008789,0.02433735504746437,0.009926754981279373,0.01348118670284748,0.24439109861850739,50
-4.584562301635742,0.8311198949813843,-12.248518943786621,7603200.0,4.697765350341797,1781062724.394293,,0.06037721782922745,0.04853877052664757,5.110235691070557,0.006011171266436577,43539.34056162834,0.015897154808044434,0.841425895690918,-5.219912528991699,-0.005110235884785652,-0.11255979537963867,,-0.0017932781483978033,-13.971037864685059,,0.05897291749715805,-2.3975186347961426,,,-0.01116312574595213,0.9739170074462891,0.015114136040210724,-0.7808738946914673,,-7.128526210784912,0.010582905262708664,-0.32050102949142456,54,0.06620575487613678,54,777.4081473350525,-0.003624939825385809,-0.004697765223681927,0.007291726768016815,,,0.9843413829803467,43548.88522689,,0.10986509174108505,,,,-11.578845977783203,,3.3907103538513184,766.7232060432434,0.9856202602386475,0.016912460327148438,-1.1662979125976562,0.03152139484882355,-5.644334316253662,4.999999873689376e-05,-0.003390710335224867,,-12.599468231201172,138240,10.680949211120605,0.7079683542251587,0.023452481254935265,0.007412805687636137,0.015103422105312347,0.21928393840789795,55
-4.943869590759277,0.8472520112991333,-12.269034385681152,8294400.0,4.646014213562012,1781066683.8471649,-0.02592250145971775,0.08457714319229126,0.050475846976041794,5.098573207855225,0.022520188242197037,47497.83331441879,0.023432081565260887,0.8564631938934326,-5.566878318786621,-0.005098573863506317,-0.043514810502529144,-0.026624999940395355,0.025495782494544983,-14.335273742675781,0.041032977402210236,0.07600726932287216,-3.1222503185272217,70.85822868347168,-0.026624999940395355,0.01371961273252964,0.9711823463439941,0.01635824702680111,-1.5605100393295288,-0.024775000289082527,-7.44122314453125,0.011576969176530838,-1.007166862487793,59,0.08494259417057037,59,847.6523101329803,-0.003865887876600027,-0.004646013956516981,0.008323909714818,0.041974641382694244,-0.024775000289082527,0.983657956123352,47508.338157146,1440.0,0.11593153327703476,-0.0035098411608487368,-0.02592250145971775,-0.00407234113663435,-11.606582641601562,-0.002525119809433818,3.3610243797302246,765.9538643360138,0.9848677515983582,0.01803872361779213,-1.9132260084152222,0.0355471596121788,-5.983990669250488,4.999999873689376e-05,-0.003361024893820286,0.0413154773414135,-12.736964225769043,138240,10.820957899093628,0.7486057877540588,0.02648353949189186,0.009673316963016987,0.015112197026610374,0.2386506199836731,60
-4.747278213500977,0.7873502969741821,-12.642091751098633,8985600.0,4.589853763580322,1781070572.6092634,,0.06566644459962845,0.044480159878730774,5.093051910400391,-0.002547244541347027,51385.6254799366,0.01585686020553112,0.800927996635437,-5.332393646240234,-0.005093052051961422,-0.06740569323301315,,0.0037215291522443295,-14.097187995910645,,0.06377702951431274,-1.7713018655776978,,,-0.01278731133788824,0.97276771068573,0.01757068932056427,-0.5607004165649414,,-7.053731441497803,0.013282430358231068,-0.10706344246864319,64,0.03391654044389725,64,776.8984129428864,-0.0037030510138720274,-0.004589853808283806,0.0074370186775922775,,,0.9847694039344788,51397.100201458,,0.1048140823841095,,,,-12.208807945251465,,3.3314647674560547,766.2276022434235,0.9856332540512085,0.019401507452130318,-0.8130218982696533,0.04060829430818558,-5.711134910583496,4.999999873689376e-05,-0.003331464948132634,,-12.982696533203125,138240,10.66765570640564,0.6646416783332825,0.028910815715789795,0.007066461257636547,0.014196159318089485,0.22939859330654144,65
-4.238811016082764,0.8341352343559265,-12.497159957885742,9676800.0,4.523806095123291,1781074531.6349447,-0.02592250145971775,0.06846500933170319,0.035871490836143494,5.105376720428467,-0.0209522508084774,55343.669167518616,0.00833168439567089,0.8596150875091553,-4.815911293029785,-0.005105377174913883,-0.03677910193800926,-0.026624999940395355,-0.021513357758522034,-13.73204517364502,0.17727267742156982,0.07742150872945786,-1.844567894935608,70.5255138874054,-0.026624999940395355,-0.031289443373680115,0.9751875400543213,0.013421595096588135,-0.5837990641593933,-0.024775000289082527,-6.454708099365234,0.010517425835132599,-0.1209290400147438,69,0.06412182748317719,69,846.8843820095062,-0.003344383090734482,-0.0045238072052598,0.006779295392334461,0.17727267742156982,-0.024775000289082527,0.9856387376785278,55356.125879505,1440.0,0.09748172760009766,0.04180922731757164,-0.02592250145971775,0.041340891271829605,-11.986276626586914,0.04257422685623169,3.294684886932373,765.6533577442169,0.9860740900039673,0.014494278468191624,-0.8497653007507324,0.03764544427394867,-5.1698102951049805,4.999999873689376e-05,-0.003294684924185276,0.17727267742156982,-12.738494873046875,138240,10.6920747756958,0.73063063621521,0.02626657485961914,0.004840862471610308,0.011736774817109108,0.21055682003498077,70
-4.51205587387085,0.8464066386222839,-9.74838924407959,10368000.0,4.477939605712891,1781078419.414998,,0.07995644211769104,0.04260186105966568,5.103899955749512,-0.0032341349869966507,59230.49423503876,0.015408582985401154,0.8457110524177551,-5.079498291015625,-0.005103900097310543,-0.06811048835515976,,0.0015520795714110136,-11.602624893188477,,0.08754293620586395,-1.4045134782791138,,,-0.004079270176589489,0.9724165201187134,0.017204437404870987,-0.048839207738637924,,-6.681339263916016,0.011810792610049248,0.37953537702560425,74,0.05599366873502731,74,777.0178115367889,-0.003527428489178419,-0.004477939568459988,0.00716969883069396,,,0.9842138290405273,59243.906006994,,0.10946857929229736,,,,-9.179475784301758,,3.2539215087890625,766.2849588394165,0.9862000942230225,0.019239524379372597,-0.35793912410736084,0.04075749218463898,-5.424298286437988,4.999999873689376e-05,-0.0032539216335862875,,-10.176830291748047,138240,10.728996276855469,0.6940207481384277,0.029771778732538223,0.007644457742571831,0.014578167349100113,0.23336362838745117,75
-4.895674228668213,0.8070350289344788,-17.510446548461914,11059200.0,4.420602798461914,1781082381.0437932,-0.02592250145971775,0.09166234731674194,0.05291883647441864,5.104099273681641,0.008129293099045753,63191.15703392029,0.018724478781223297,0.843359649181366,-5.444925308227539,-0.005104099400341511,-0.07490526884794235,-0.026624999940395355,0.025021761655807495,-18.746715545654297,0.12712980806827545,0.09600789099931717,-2.393371820449829,71.0826780796051,-0.026624999940395355,0.014163898304104805,0.9711192846298218,0.02154431864619255,-1.1400294303894043,-0.024775000289082527,-6.952088832855225,0.016688348725438118,-0.6107345819473267,79,0.07736773788928986,79,849.4572982788086,-0.0037811980582773685,-0.004420603159815073,0.00823597889393568,0.12746909260749817,-0.024775000289082527,0.9833980798721313,63205.534713267,1440.0,0.11773364990949631,0.025140179321169853,-0.02592250145971775,0.024626603350043297,-17.079044342041016,0.025859937071800232,3.2433266639709473,767.7373778820038,0.9843590259552002,0.026829173788428307,-1.3813786506652832,0.045631349086761475,-5.764229774475098,4.8114005039678887e-05,-0.003243326675146818,0.12726552784442902,-17.778736114501953,138240,10.623685598373413,0.6706003546714783,0.03327913582324982,0.01030003186315298,0.01800920069217682,0.2434692233800888,80
-5.248077392578125,0.8238615393638611,-16.985506057739258,11750400.0,4.370151519775391,1781086279.169208,,0.09236077219247818,0.053097642958164215,5.092444896697998,0.023954201489686966,67088.32656431198,0.023757329210639,0.8343371748924255,-5.7990007400512695,-0.00509244529530406,-0.067188560962677,,0.03114117495715618,-18.53973388671875,,0.09426703304052353,-2.9421591758728027,,,0.033578790724277496,0.9689764976501465,0.02659088931977749,-1.2644753456115723,,-7.302642345428467,0.019374975934624672,-0.7372159957885742,84,0.09900009632110596,84,778.0934112071991,-0.004027083981782198,-0.004370152018964291,0.007665819488465786,,,0.9815973043441772,67103.660254983,,0.13462728261947632,,,,-16.51178550720215,,3.218830108642578,767.3540210723877,0.9856817126274109,0.03512921929359436,-1.6542519330978394,0.050313323736190796,-6.116573333740234,4.8589536163490266e-05,-0.0032188300974667072,,-17.34567642211914,138240,10.735519409179688,0.6423314213752747,0.03884721174836159,0.012480396777391434,0.02217475138604641,0.25902190804481506,85
-4.932334899902344,0.7966780066490173,-15.208162307739258,12441600.0,4.309727668762207,1781090339.062381,-0.02592250145971775,0.08713257312774658,0.043621599674224854,5.067821502685547,-0.001199742080643773,71147.27041721344,0.015515532344579697,0.8227921724319458,-5.471739768981934,-0.005067821592092514,-0.05145636200904846,-0.026624999940395355,0.0036342828534543514,-17.157608032226562,0.12657447159290314,0.08772601932287216,-2.1956732273101807,71.08574485778809,-0.026624999940395355,0.0028304974548518658,0.9717528820037842,0.020848922431468964,-0.745520830154419,-0.024775000289082527,-6.961566925048828,0.01616651378571987,-0.19600310921669006,89,0.0666530579328537,89,853.0424947738647,-0.0037998189218342304,-0.004309727810323238,0.007558428682386875,0.13316753506660461,-0.024775000289082527,0.9839503765106201,71163.553298579,1440.0,0.11245524883270264,0.02566838264465332,-0.02592250145971775,0.024841785430908203,-14.615214347839355,0.026939179748296738,3.188243865966797,771.2405166625977,0.9855872392654419,0.024172019213438034,-1.1121513843536377,0.049111176282167435,-5.788547515869141,4.833223283640109e-05,-0.003188244067132473,0.12885014712810516,-15.660329818725586,138240,10.70262885093689,0.6072290539741516,0.03486953675746918,0.008805137127637863,0.01796753518283367,0.23954716324806213,90
-4.178630828857422,0.8381786346435547,-10.455080032348633,13132800.0,4.243371963500977,1781094266.141334,,0.06789237260818481,0.04163343459367752,5.064457416534424,-0.03396999090909958,75073.37671637535,0.00572217395529151,0.8748372793197632,-4.725988864898682,-0.00506445812061429,-0.05167180672287941,,-0.026108402758836746,-12.300487518310547,,0.07316800951957703,-2.069133758544922,,,-0.025851313024759293,0.9743118286132812,0.015009161084890366,-0.7155817747116089,,-6.23895788192749,0.011228549294173717,-0.20655232667922974,94,0.04472336545586586,94,783.1203987598419,-0.003281936515122652,-0.0042433724738657475,0.007008100859820843,,,0.984697163105011,75090.632332237,,0.10698739439249039,,,,-9.890759468078613,,3.1405465602874756,772.350172996521,0.9857039451599121,0.01929345354437828,-1.0511181354522705,0.04497074335813522,-5.047859191894531,4.999999873689376e-05,-0.0031405468471348286,,-10.882108688354492,138240,10.76624870300293,0.6668904423713684,0.03131838142871857,0.005742681212723255,0.014880917966365814,0.22205539047718048,95
-4.019071102142334,0.8502523899078369,-11.849112510681152,13824000.0,4.183507442474365,1781098276.457601,-0.02592250145971775,0.07333874702453613,0.04236404597759247,5.056221961975098,-0.04295135289430618,79082.71643662453,0.0032036895863711834,0.8706859350204468,-4.54123592376709,-0.005056221969425678,-0.032371483743190765,-0.026624999940395355,-0.02804473415017128,-13.034148216247559,0.0737219974398613,0.06674177944660187,-2.0633866786956787,71.3647096157074,-0.026624999940395355,-0.04356776922941208,0.9739172458648682,0.015266353264451027,-1.0826302766799927,-0.024775000289082527,-5.880618572235107,0.01118435151875019,-0.6080223321914673,99,0.05733691155910492,99,854.1291182041168,-0.003153635887429118,-0.004183507524430752,0.006677987519651651,0.07780323922634125,-0.024775000289082527,0.9845734238624573,79100.948652191,1440.0,0.10972447693347931,0.00797091331332922,-0.02592250145971775,0.007040666416287422,-11.29030704498291,0.008884415030479431,3.109611749649048,772.0804491043091,0.9861528873443604,0.018918659538030624,-1.251346468925476,0.04694640263915062,-4.8136420249938965,4.999999873689376e-05,-0.003109612036496401,0.07575774192810059,-12.057856559753418,138240,10.670395374298096,0.6858425140380859,0.03342372924089432,0.004097970202565193,0.01528752502053976,0.22709961235523224,100
-4.156039237976074,0.838495135307312,-23.93403434753418,14515200.0,4.130841255187988,1781102196.6876879,,0.0764828771352768,0.04902682453393936,5.046375274658203,-0.029407178983092308,83001.96992182732,0.007342441938817501,0.8403339385986328,-4.668213844299316,-0.005046375561505556,-0.07903508096933365,,-0.020917188376188278,-24.81932258605957,,0.08732779324054718,-1.5166908502578735,,,-0.02988419495522976,0.9713307619094849,0.023939652368426323,-0.4238353669643402,,-5.955752372741699,0.015459485352039337,0.07450740784406662,104,0.047663260251283646,104,784.3920719623566,-0.0032418135087937117,-0.004130841698497534,0.0071344999596476555,,,0.9831018447875977,83021.178624108,,0.12349174916744232,,,,-23.492923736572266,,3.069131851196289,773.6508951187134,0.9858388900756836,0.03616531938314438,-0.6220062971115112,0.054981425404548645,-4.926669120788574,2.499999936844688e-05,-0.003069132100790739,,-24.082096099853516,138240,10.737207412719727,0.5406181216239929,0.041853614151477814,0.0064706336706876755,0.018921157345175743,0.24686232209205627,105
-4.021007061004639,0.8446098566055298,-10.127957344055176,15206400.0,4.071650981903076,1781106186.888044,-0.02592250145971775,0.07865887135267258,0.03993677347898483,5.038084030151367,-0.03453492373228073,86991.198939085,0.007482959423214197,0.8762497901916504,-4.525927543640137,-0.005038084462285042,-0.039975766092538834,-0.026624999940395355,-0.028889503329992294,-11.61577033996582,0.06755879521369934,0.07414405792951584,-1.2082804441452026,71.14500379562378,-0.026624999940395355,-0.03091999888420105,0.9731100797653198,0.01656951755285263,-0.10090932995080948,-0.024775000289082527,-5.793685436248779,0.012044846080243587,0.3264250159263611,109,0.0728926956653595,109,854.9736773967743,-0.0031430053059011698,-0.00407165102660656,0.006862145848572254,0.06768795847892761,-0.024775000289082527,0.9842605590820312,87011.379053314,1440.0,0.11149856448173523,0.005276681389659643,-0.02592250145971775,0.004769598599523306,-9.63965129852295,0.006045986898243427,3.0336599349975586,773.0518515110016,0.9858976602554321,0.021529626101255417,-0.3275882601737976,0.051517512649297714,-4.780206680297852,4.999999873689376e-05,-0.003033660352230072,0.06767504662275314,-10.461126327514648,138240,10.762873888015747,0.6267803907394409,0.036558475345373154,0.005923133343458176,0.014046754688024521,0.2332252860069275,110
-3.9153547286987305,0.820330798625946,-19.806928634643555,15897600.0,4.017462730407715,1781110111.5927966,,0.09390681982040405,0.0452558733522892,5.0264105796813965,-0.04585131257772446,90914.94095158577,0.00509290024638176,0.8534740209579468,-4.425746440887451,-0.005026410799473524,-0.04737009480595589,,-0.03853840380907059,-21.05205726623535,,0.09057457000017166,-0.9307332634925842,,,-0.035911403596401215,0.9715327024459839,0.025262875482439995,-0.04969453066587448,,-5.719720363616943,0.018466748297214508,0.3890856206417084,114,0.05509196221828461,114,791.737823009491,-0.003073434578254819,-0.004017462953925133,0.007102277595549822,,,0.983765721321106,90936.08386557,,0.11626880615949631,,,,-19.368206024169922,,3.024080753326416,780.6230843067169,0.9854925274848938,0.032170794904232025,-0.19711408019065857,0.0634450763463974,-4.686941146850586,4.999999873689376e-05,-0.003024080768227577,,-20.075733184814453,138240,11.111427783966064,0.5916846990585327,0.04451227933168411,0.006245077587664127,0.019567066803574562,0.24854736030101776,115
-4.955024242401123,0.823013186454773,-25.758272171020508,16588800.0,3.9699673652648926,1781114187.3498123,-0.02592250145971775,0.10806356370449066,0.053114939481019974,5.0260515213012695,0.016067398712038994,94989.70988631248,0.02113400213420391,0.8346584439277649,-5.469026565551758,-0.00502605177462101,-0.11150983721017838,-0.026624999940395355,0.023840676993131638,-27.003780364990234,0.09118174016475677,0.09360545128583908,-1.241565227508545,72.06849455833435,-0.026624999940395355,0.023106388747692108,0.9679532051086426,0.029602941125631332,-0.48802536725997925,-0.024775000289082527,-6.7988080978393555,0.021253082901239395,-0.015241768211126328,119,0.08709079027175903,119,862.7653408050537,-0.0037979355547577143,-0.003969967365264893,0.007338221184909344,0.09557467699050903,-0.024775000289082527,0.9809974431991577,95011.84076029,1440.0,0.14114221930503845,0.013794365338981152,-0.02592250145971775,0.012643913738429546,-25.254762649536133,0.01534156035631895,3.008913993835449,779.8675265312195,0.9859267473220825,0.055192988365888596,-0.5816107988357544,0.06419029086828232,-5.740952968597412,4.7585876018274575e-05,-0.003008914180099964,0.09322809427976608,-26.005605697631836,138240,10.789167404174805,0.5047814846038818,0.04985326528549194,0.011677887290716171,0.025249186903238297,0.2689448595046997,120
-4.291565895080566,0.8200210332870483,-16.341398239135742,17280000.0,3.8969886302948,1781118118.4441807,,0.08238457888364792,0.045321203768253326,5.003673553466797,-0.011726356111466885,98919.88365149498,0.013289211317896843,0.8578936457633972,-4.793130874633789,-0.005003673955798149,-0.06642424315214157,,-0.010074147954583168,-17.7117977142334,,0.08531226217746735,-1.0262583494186401,,,-0.009713729843497276,0.9711877107620239,0.02198529802262783,-0.02660750038921833,,-6.032449722290039,0.016646642237901688,0.3872215151786804,124,0.052072908729314804,124,779.8353304862976,-0.0033285629469901323,-0.0038969889283180237,0.007008697837591171,,,0.9832333922386169,98942.941171446,,0.12253101170063019,,,,-15.888175964355469,,2.9412968158721924,769.0587756633759,0.9860807061195374,0.03243901580572128,-0.2218814492225647,0.0571744367480278,-5.03904914855957,4.927583722746931e-05,-0.002941297134384513,,-16.647125244140625,138240,10.77251386642456,0.5604432821273804,0.043030157685279846,0.008249975740909576,0.018012821674346924,0.2443205565214157,125
-3.45021390914917,0.8195501565933228,-13.05915355682373,17971200.0,3.8302485942840576,1781122067.6068294,-0.02592250145971775,0.08648595958948135,0.042150650173425674,4.996249198913574,-0.06041581183671951,102868.14757561684,0.0007625659927725792,0.881068766117096,-3.954017400741577,-0.0049962494522333145,-0.09083880484104156,-0.026624999940395355,-0.04686673730611801,-14.31544303894043,0.13704541325569153,0.09062451124191284,-1.0032896995544434,70.91652059555054,-0.026624999940395355,-0.053103502839803696,0.9737177491188049,0.01648639887571335,-0.026971185579895973,-0.024775000289082527,-5.24135160446167,0.012771569192409515,0.39680761098861694,129,0.046384964138269424,129,846.8741364479065,-0.0027458451222628355,-0.003830248722806573,0.006650792434811592,0.1370704174041748,-0.024775000289082527,0.9843481779098511,102892.097888332,1440.0,0.11297924071550369,0.028407379984855652,-0.02592250145971775,0.027940139174461365,-12.612632751464844,0.029170870780944824,2.908270835876465,764.9048094749451,0.9858198761940002,0.02116750366985798,-0.2238384336233139,0.058519214391708374,-4.2151947021484375,4.999999873689376e-05,-0.0029082708060741425,0.13706712424755096,-13.329076766967773,138240,11.039138555526733,0.5828726887702942,0.040431734174489975,0.0038004557136446238,0.014963855966925621,0.23054198920726776,130
-3.605107307434082,0.8453667759895325,-10.649726867675781,18662400.0,3.772723436355591,1781125968.8176918,,0.06477779150009155,0.03795606642961502,4.967747688293457,-0.03504379093647003,106768.45981407166,0.006498604081571102,0.8909324407577515,-4.097990989685059,-0.004967748187482357,-0.03388558328151703,,-0.021958202123641968,-11.964763641357422,,0.07942956686019897,-1.043737769126892,,,-0.03331530839204788,0.9730240702629089,0.015151521191000938,-0.22607310116291046,,-5.338339805603027,0.01140189915895462,0.18879550695419312,134,0.052032165229320526,134,797.6999599933624,-0.0028458258602768183,-0.0037727237213402987,0.005924612283706665,,,0.9840980172157288,106793.308655033,,0.11481888592243195,,,,-10.216974258422852,,2.8477044105529785,786.4461531639099,0.9871360063552856,0.0202859528362751,-0.382584810256958,0.05406810715794563,-4.347146034240723,4.999999873689376e-05,-0.0028477045707404613,,-10.880277633666992,138240,11.249777793884277,0.6289979815483093,0.038899607956409454,0.005798866506665945,0.014917544089257717,0.23412859439849854,135
-3.486666440963745,0.8421288728713989,-17.310718536376953,19353600.0,3.7186412811279297,1781129921.1124444,-0.02592250145971775,0.08563582599163055,0.04828276485204697,4.955617904663086,-0.03673214837908745,110719.72744655609,0.006469543091952801,0.8725372552871704,-3.968569755554199,-0.004955618176609278,-0.06553731858730316,-0.026624999940395355,-0.025854822248220444,-18.5703067779541,0.1323697865009308,0.09841516613960266,-0.7515984177589417,70.55395746231079,-0.026624999940395355,-0.03286152705550194,0.9705507159233093,0.02214880660176277,-0.026899117976427078,-0.024775000289082527,-5.156961917877197,0.01652025803923607,0.37841758131980896,139,0.07575160264968872,139,847.1687476634979,-0.002755950903519988,-0.003718641586601734,0.006602349691092968,0.13435931503772736,-0.024775000289082527,0.9824973344802856,110745.60348124,1440.0,0.13054153323173523,0.027381351217627525,-0.02592250145971775,0.02637326344847679,-16.839794158935547,0.028266197070479393,2.812540054321289,765.9511568546295,0.9863630533218384,0.03883849084377289,-0.13335999846458435,0.06459163129329681,-4.204066276550293,4.999999873689376e-05,-0.0028125401586294174,0.13398905098438263,-17.5736083984375,138240,10.649610757827759,0.4921761155128479,0.047700755298137665,0.00573132187128067,0.019972899928689003,0.25402742624282837,140
-3.5464229583740234,0.8592917919158936,-18.144981384277344,20044800.0,3.6586012840270996,1781133799.3158615,,0.08773531019687653,0.04548192769289017,4.964035987854004,-0.030896242707967758,114596.96924829483,0.0078122178092598915,0.8797091245651245,-4.025040626525879,-0.00496403593569994,-0.06497949361801147,,-0.020107578486204147,-19.468168258666992,,0.07926627993583679,-0.8648167848587036,,,-0.02907971851527691,0.970737874507904,0.021232495084404945,-0.02590877190232277,,-5.193017482757568,0.015510869212448597,0.360565721988678,144,0.09783698618412018,144,774.858274936676,-0.002795166801661253,-0.0036586010828614235,0.006111186929047108,,,0.9827440977096558,114623.806790564,,0.12813764810562134,,,,-17.742189407348633,,2.8063368797302246,764.197662115097,0.9870135188102722,0.03678140789270401,-0.18743166327476501,0.06682877242565155,-4.25482702255249,4.999999873689376e-05,-0.002806337084621191,,-18.451780319213867,138240,10.656551361083984,0.5501307249069214,0.04881078749895096,0.00686874333769083,0.02175430953502655,0.251498281955719,145
-3.8518874645233154,0.85322105884552,-13.18976879119873,20736000.0,3.612051486968994,1781137755.0477662,-0.02592235803604126,0.07411126792430878,0.04074537381529808,4.956768035888672,-0.008334115147590637,118551.7410273552,0.01569141075015068,0.9015772938728333,-4.333303451538086,-0.004956768359988928,-0.035180460661649704,-0.026624999940395355,0.0038758968003094196,-14.413811683654785,0.08139196038246155,0.08341629058122635,-1.2079877853393555,71.54375672340393,-0.026624999940395355,-0.002839572262018919,0.9713584184646606,0.0159648135304451,-0.4210921823978424,-0.024775000289082527,-5.467629909515381,0.012625956907868385,0.019826065748929977,149,0.06106559932231903,149,847.8540892601013,-0.0030092375818639994,-0.003612051485106349,0.007120400667190552,0.09036004543304443,-0.024775000289082527,0.9836212992668152,118579.538683677,1440.0,0.11814732849597931,0.011121642775833607,-0.02592235803604126,0.009880652651190758,-12.733375549316406,0.013080328702926636,2.7498245239257812,765.4838528633118,0.9866548180580139,0.023752335458993912,-0.5476876497268677,0.05961308255791664,-4.550940990447998,4.413406350067817e-05,-0.002749824430793524,0.08520964533090591,-13.44565200805664,138240,10.81147313117981,0.5916016101837158,0.04188389331102371,0.008941984735429287,0.016049528494477272,0.24197816848754883,150
-3.9676482677459717,0.8262928128242493,-17.334026336669922,21427200.0,3.5512537956237793,1781141631.2626421,,0.06838293373584747,0.051863379776477814,4.9253644943237305,0.0026945658028125763,122426.97983264923,0.017370328307151794,0.8789231777191162,-4.450559616088867,-0.004925364628434181,-0.04834430664777756,,0.020878233015537262,-18.554288864135742,,0.0673852264881134,-0.7767067551612854,,,0.0009214480523951352,0.9696863889694214,0.020090611651539803,-0.027007121592760086,,-5.559417247772217,0.015730533748865128,0.3462046980857849,154,0.07629482448101044,154,773.9511079788208,-0.003090666839852929,-0.003551253816112876,0.0073844860307872295,,,0.9815992116928101,122455.753700595,,0.1377771496772766,,,,-16.943632125854492,,2.7064828872680664,763.1989529132843,0.986192524433136,0.03463945910334587,-0.15250307321548462,0.06324440240859985,-4.659208297729492,4.999999873689376e-05,-0.0027064832393079996,,-17.61064910888672,138240,10.748115301132202,0.5414588451385498,0.047315552830696106,0.009799430146813393,0.021874167025089264,0.25477564334869385,155
-3.5325331687927246,0.8243341445922852,-16.89798355102539,22118400.0,3.5183448791503906,1781145578.8704593,-0.02592250145971775,0.07920579612255096,0.04899144917726517,4.926484107971191,-0.028029263019561768,126373.61275672913,0.010855198837816715,0.8568007946014404,-4.0006489753723145,-0.004926484078168869,-0.0581648088991642,-0.026624999940395355,-0.014538824558258057,-18.214876174926758,0.09716669470071793,0.10720494389533997,-0.6933180689811707,70.96306443214417,-0.026624999940395355,-0.03439881652593613,0.9702730178833008,0.021580729633569717,-0.02855386771261692,-0.024775000289082527,-5.06073522567749,0.01597519963979721,0.4001321792602539,159,0.05583798885345459,159,846.424040555954,-0.002778228372335434,-0.003518344834446907,0.00659676268696785,0.09879586100578308,-0.024775000289082527,0.9822715520858765,126403.361360222,1440.0,0.13406530022621155,0.015180286951363087,-0.02592250145971775,0.014638898894190788,-16.465747833251953,0.01605973206460476,2.6728010177612305,764.6863348484039,0.9864307641983032,0.03652309253811836,-0.18128906190395355,0.07009795308113098,-4.197972774505615,4.999999873689376e-05,-0.0026728012599051,0.09738586097955704,-17.19287109375,138240,10.760669946670532,0.528336763381958,0.05158037692308426,0.005961022339761257,0.021132342517375946,0.2546902000904083,160
-4.067126274108887,0.8491405248641968,-17.472301483154297,22809600.0,3.495043992996216,1781149460.0472095,,0.0681019052863121,0.05347730964422226,4.9361419677734375,-0.0021823442075401545,130253.83359718323,0.017785970121622086,0.8691636323928833,-4.531202793121338,-0.004936142824590206,-0.04818442836403847,,0.00967894122004509,-18.606550216674805,,0.08281373977661133,-0.4277057945728302,,,-0.004341185558587313,0.9698821306228638,0.01940046064555645,-0.025607643648982048,,-5.567592620849609,0.014078417792916298,0.3746080994606018,164,0.08695797622203827,164,779.9475378990173,-0.003146669128909707,-0.0034950440749526024,0.007544155232608318,,,0.9826993346214294,130284.538305369,,0.12714076042175293,,,,-17.04091453552246,,2.6463799476623535,769.2205758094788,0.9855939149856567,0.03367625176906586,-0.03601089119911194,0.06724732369184494,-4.7219743728637695,4.949059075443074e-05,-0.0026463803369551897,,-17.706588745117188,138240,10.722806930541992,0.5190923810005188,0.04990242421627045,0.009416576474905014,0.022057006135582924,0.254020631313324,165
-3.1383681297302246,0.8516740798950195,-12.518683433532715,23500800.0,3.4309611320495605,1781153416.3525472,-0.02592250145971775,0.06941589713096619,0.04394847899675369,4.929996013641357,-0.04815445840358734,134209.17670321465,0.004626641981303692,0.8896685242652893,-3.596315383911133,-0.004929996095597744,-0.03189506381750107,-0.026624999940395355,-0.031515926122665405,-13.375555038452148,0.10682246834039688,0.07388156652450562,-0.5279921889305115,70.42298865318298,-0.026624999940395355,-0.047612059861421585,0.9720296859741211,0.015250368043780327,-0.025651395320892334,-0.024775000289082527,-4.577554702758789,0.011438591405749321,0.3724028170108795,169,0.06117485463619232,169,850.1755738258362,-0.002497442066669464,-0.0034309616312384605,0.006498386617749929,0.1076919287443161,-0.024775000289082527,0.9835698008537292,134240.843608422,1440.0,0.1212054193019867,0.018424728885293007,-0.02592250145971775,0.017907489091157913,-12.033924102783203,0.019269000738859177,2.5789740085601807,769.0292701721191,0.9866413474082947,0.025135673582553864,-0.07150533050298691,0.06576155126094818,-3.7707462310791016,4.8842906835488975e-05,-0.002578974002972245,0.10711918026208878,-12.642721176147461,138240,10.709215879440308,0.5378882884979248,0.045219846069812775,0.004436631686985493,0.020891528576612473,0.24232855439186096,170
-3.2748985290527344,0.8739924430847168,-18.618925094604492,24192000.0,3.3720149993896484,1781157300.5116234,,0.08284135907888412,0.048222292214632034,4.930681228637695,-0.018118582665920258,138092.34674715996,0.012760616838932037,0.8941013216972351,-3.7216029167175293,-0.004930681549012661,-0.04203543812036514,,-0.009583771228790283,-19.62515640258789,,0.09020773321390152,-0.40145331621170044,,,-0.02607708051800728,0.9702303409576416,0.01891181617975235,-0.025852711871266365,,-4.669573783874512,0.014579147100448608,0.3726023733615875,174,0.056808970868587494,174,779.5861148834229,-0.0025844464544206858,-0.003372015431523323,0.007071762345731258,,,0.9818753600120544,138125.002645744,,0.13694073259830475,,,,-18.185338973999023,,2.5551133155822754,768.9232656955719,0.9858577251434326,0.031153328716754913,-0.018468119204044342,0.0678563117980957,-3.8886916637420654,4.897181497653946e-05,-0.0025551135186105967,,-18.80980682373047,138240,10.658979177474976,0.6383684873580933,0.05078747868537903,0.007853110320866108,0.022157687693834305,0.25245675444602966,175
-3.260582447052002,0.859447181224823,-25.890321731567383,24883200.0,3.333230972290039,1781161262.7621398,-0.02592250145971775,0.10647009313106537,0.05046194791793823,4.919151306152344,-0.013789007440209389,142053.6368086338,0.013125178404152393,0.8690643310546875,-3.698495388031006,-0.004919151775538921,-0.11736536771059036,-0.026624999940395355,-0.01148269884288311,-26.600234985351562,0.10956062376499176,0.09453785419464111,-0.4001607596874237,71.26420879364014,-0.026624999940395355,-0.026059109717607498,0.9688209891319275,0.02281387895345688,-0.025361016392707825,-0.024775000289082527,-4.6263322830200195,0.017420822754502296,0.3863852024078369,179,0.0911128968000412,179,850.483696937561,-0.0025684006977826357,-0.003333231434226036,0.006801364943385124,0.11891091614961624,-0.024775000289082527,0.9818296432495117,142087.253051164,1440.0,0.1362716257572174,0.020121922716498375,-0.02592250145971775,0.018770208582282066,-25.496267318725586,0.021936973556876183,2.532040596008301,768.4716849327087,0.9867396354675293,0.04746004194021225,-0.03379135951399803,0.07358802855014801,-3.8618030548095703,4.745688056573272e-05,-0.002532040700316429,0.11221077293157578,-25.995609283447266,138240,10.734991312026978,0.4146977365016937,0.056758321821689606,0.007208310067653656,0.02914476953446865,0.26181596517562866,180
-3.2588958740234375,0.8893417119979858,-15.650897979736328,25574400.0,3.306082248687744,1781165154.093377,,0.08517090976238251,0.048635974526405334,4.917941093444824,-0.0022188907023519278,145943.99979400635,0.017982572317123413,0.8908681869506836,-3.696082830429077,-0.0049179415218532085,-0.049011144787073135,,0.0023533953353762627,-16.903850555419922,,0.07215787470340729,-0.5767388939857483,,,-0.016273224726319313,0.968330442905426,0.01909707859158516,-0.025725120678544044,,-4.560622692108154,0.014453612267971039,0.37468066811561584,184,0.07540808618068695,184,780.5530772209167,-0.002566725015640259,-0.0033060824498534203,0.006682421546429396,,,0.9818846583366394,145978.584309755,,0.13592980802059174,,,,-15.193283081054688,,2.480177402496338,769.9027473926544,0.9868060350418091,0.03432092443108559,-0.08499583601951599,0.07236830145120621,-3.838533878326416,7.500000356230885e-05,-0.0024801776744425297,,-15.916010856628418,138240,10.647247791290283,0.565822958946228,0.05388892441987991,0.008247444406151772,0.02887905389070511,0.26372161507606506,185
-2.9555470943450928,0.913833498954773,-11.801546096801758,26265600.0,3.2747998237609863,1781169131.8659306,-0.02592250145971775,0.07395655661821365,0.04266390949487686,4.938548564910889,-0.021542396396398544,149920.80148124695,0.012675922363996506,0.9201253652572632,-3.384315252304077,-0.004938548896461725,-0.03243594244122505,-0.026624999940395355,-0.011804476380348206,-12.705485343933105,0.12756693363189697,0.0816895067691803,-0.2517973780632019,71.13118362426758,-0.026624999940395355,-0.03205906227231026,0.9708722233772278,0.014754041098058224,-0.024373486638069153,-0.024775000289082527,-4.219592094421387,0.011635184288024902,0.34902822971343994,189,0.05893276259303093,189,855.9884495735168,-0.0023502190597355366,-0.0032747997902333736,0.006143925711512566,0.13099884986877441,-0.024775000289082527,0.9833705425262451,149956.356841407,1440.0,0.1224396824836731,0.026052463799715042,-0.02592250145971775,0.025072311982512474,-11.377145767211914,0.027149617671966553,2.4589550495147705,774.1230521202087,0.9872609972953796,0.027031559497117996,0.01971428096294403,0.06862896680831909,-3.519818067550659,4.999999873689376e-05,-0.0024589551612734795,0.13000237941741943,-11.961393356323242,138240,10.720110893249512,0.679415225982666,0.048924770206213,0.006009124219417572,0.023072320967912674,0.24489563703536987,190
-2.926379680633545,0.897773265838623,-17.75637435913086,26956800.0,3.2351412773132324,1781173110.3533947,,0.08530500531196594,0.04809434339404106,4.9405717849731445,-0.030801566317677498,153898.33583545685,0.010169255547225475,0.9108397364616394,-3.3635878562927246,-0.004940572194755077,-0.07737232744693756,,-0.0176403746008873,-18.4793758392334,,0.07910538464784622,-0.5241944193840027,,,-0.033136770129203796,0.9709129333496094,0.01608598418533802,-0.02441876195371151,,-4.202056407928467,0.013128062710165977,0.3933831453323364,194,0.0726446583867073,194,807.0936071872711,-0.002335825702175498,-0.00323514174669981,0.0069626858457922935,,,0.9830097556114197,153934.844338979,,0.12601995468139648,,,,-17.35253143310547,,2.4082489013671875,796.3819689750671,0.9863056540489197,0.031029805541038513,-0.07070314884185791,0.06986869871616364,-3.4973411560058594,4.999999873689376e-05,-0.002408249070867896,,-17.862762451171875,138240,10.699159860610962,0.6317065954208374,0.05288597196340561,0.006487097125500441,0.024403395131230354,0.2472565770149231,195
-2.511657238006592,0.8864752054214478,-15.833972930908203,27648000.0,3.186450242996216,1781177081.1129544,-0.02592250145971775,0.11277851462364197,0.04709461331367493,4.925365924835205,-0.05421213433146477,157868.1977543831,0.006324236746877432,0.9007368683815002,-2.9324758052825928,-0.004925366025418043,-0.06304846704006195,-0.026624999940395355,-0.036979153752326965,-16.22118377685547,0.11987706273794174,0.13020874559879303,-0.399175226688385,71.20387315750122,-0.026624999940395355,-0.05866694450378418,0.9705133438110352,0.018741663545370102,-0.02440013736486435,-0.024775000289082527,-3.7326018810272217,0.01471707969903946,0.3857265114784241,199,0.10810838639736176,199,852.1166536808014,-0.0020364413503557444,-0.0031864503398537636,0.006698820274323225,0.12138718366622925,-0.024775000289082527,0.9821441173553467,157905.603856254,1440.0,0.1356400102376938,0.022996071726083755,-0.02592250145971775,0.022259023040533066,-15.458221435546875,0.02370465360581875,2.379944324493408,770.1878764629364,0.9860175848007202,0.03332289308309555,-0.0322808101773262,0.07974766194820404,-3.0589118003845215,4.999999873689376e-05,-0.002379944548010826,0.12083321064710617,-15.837793350219727,138240,10.703026294708252,0.6553770899772644,0.06082850322127342,0.005012453068047762,0.02772241272032261,0.2527800500392914,200
-2.8804264068603516,0.8811905384063721,-18.54633903503418,28339200.0,3.1539316177368164,1781180984.5347757,,0.10066457837820053,0.054888688027858734,4.931744575500488,-0.021159544587135315,161770.70983958244,0.011178024113178253,0.8876789808273315,-3.2991385459899902,-0.0049317446537315845,-0.1161855161190033,,-0.004614252131432295,-19.45494270324707,,0.08922747522592545,-0.3766869604587555,,,-0.019212767481803894,0.9702513217926025,0.021751880645751953,-0.025300122797489166,,-4.106177806854248,0.016242116689682007,0.37358298897743225,204,0.09013137221336365,204,779.6780009269714,-0.00229106773622334,-0.0031539318151772022,0.006967049092054367,,,0.9821829795837402,161809.025820738,,0.13391384482383728,,,,-18.068492889404297,,2.366609573364258,768.9862036705017,0.9861956238746643,0.04351884126663208,-0.022344019263982773,0.07304603606462479,-3.4285809993743896,4.999999873689376e-05,-0.0023666098713874817,,-18.689926147460938,138240,10.687739133834839,0.5709564685821533,0.05668000876903534,0.007580280769616365,0.03197247534990311,0.25178223848342896,205
-2.1825387477874756,0.8976361751556396,-21.665077209472656,29030400.0,3.070142984390259,1781185125.1908562,-0.02592250145971775,0.09567806869745255,0.0528818778693676,4.922074317932129,-0.04695245623588562,165910.46276426315,0.0015371351037174463,0.9077982902526855,-2.590787649154663,-0.004922074265778065,-0.06936439126729965,-0.026624999940395355,-0.04150652512907982,-22.685895919799805,0.0515279620885849,0.08945543318986893,-0.1757497638463974,70.51430130004883,-0.026624999940395355,-0.055690549314022064,0.9723712205886841,0.017926320433616638,-0.024800119921565056,-0.024775000289082527,-3.239234447479248,0.014104576781392097,0.3613066077232361,209,0.09756084531545639,209,860.4246873855591,-0.0017991584027186036,-0.003070143051445484,0.005905447527766228,0.054252736270427704,-0.024775000289082527,0.9828970432281494,165949.681921335,1440.0,0.12958531081676483,0.0004774961562361568,-0.02592250145971775,-0.0005240117898210883,-21.250211715698242,0.0014231702079996467,2.282778739929199,779.2579038143158,0.9872021079063416,0.04238205403089523,0.04353497549891472,0.06835359334945679,-2.670853614807129,7.40229879738763e-05,-0.0022827789653092623,0.05327748879790306,-21.867061614990234,138240,10.629618883132935,0.5530451536178589,0.0553494393825531,0.003347324673086405,0.03288616985082626,0.2385900318622589,210
-1.9956597089767456,0.9177366495132446,-16.090234756469727,29721600.0,3.0370171070098877,1781189040.8605928,,0.08530361950397491,0.04633314162492752,4.920493125915527,-0.05311911180615425,169825.21913576126,0.004385766107589006,0.9237027168273926,-2.3970863819122314,-0.004920493345707655,-0.0402851402759552,,-0.03606818616390228,-16.705875396728516,,0.12227682769298553,-0.20155289769172668,,,-0.05206955596804619,0.9711945652961731,0.015147853642702103,-0.025141306221485138,,-3.0245320796966553,0.011197991669178009,0.3856205940246582,214,0.11159787327051163,214,795.2453074455261,-0.001664643525145948,-0.0030370173044502735,0.006241070572286844,,,0.9830279350280762,169865.351604107,,0.1275734156370163,,,,-15.690665245056152,,2.2822582721710205,781.3669319152832,0.9865260124206543,0.030314888805150986,0.039201971143484116,0.07177600264549255,-2.472426176071167,4.999999873689376e-05,-0.0022822581231594086,,-16.162260055541992,138240,13.873376846313477,0.6873032450675964,0.05322081595659256,0.005094148218631744,0.02471911907196045,0.24681532382965088,215
-2.7867648601531982,0.9040896892547607,-21.73245620727539,30412800.0,3.014955759048462,1781193055.9609635,-0.02592250145971775,0.08349370956420898,0.06698732078075409,4.931538105010986,-0.00849463976919651,173839.3638637066,0.015081318095326424,0.9169877171516418,-3.182219982147217,-0.004931538365781307,-0.07647823542356491,-0.026624999940395355,0.015352040529251099,-22.19414710998535,0.03502172604203224,0.07856452465057373,-0.20054975152015686,73.45719289779663,-0.026624999940395355,-0.0014151751529425383,0.9673172831535339,0.02103571593761444,-0.023540610447525978,-0.024775000289082527,-3.782320737838745,0.015764471143484116,0.36667415499687195,219,0.11502499878406525,219,862.2522721290588,-0.0022098757326602936,-0.0030149559024721384,0.007609046064317226,0.037531666457653046,-0.024775000289082527,0.980492115020752,173880.452164467,1440.0,0.14842483401298523,-0.005008464213460684,-0.02592250145971775,-0.0060260905884206295,-21.374055862426758,-0.004134584218263626,2.2643392086029053,777.0630087852478,0.9852694272994995,0.0548628568649292,0.03276972472667694,0.08236135542392731,-3.2504355907440186,4.999999873689376e-05,-0.0022643394768238068,0.03681960701942444,-21.766887664794922,138240,11.709739685058594,0.5733367800712585,0.0650574266910553,0.010295011103153229,0.03678049147129059,0.26813286542892456,220
-2.6463770866394043,0.8995455503463745,-27.0841064453125,31104000.0,2.9948439598083496,1781196979.1429613,,0.07272475957870483,0.05741441249847412,4.922723770141602,-0.004436937160789967,177761.62757730484,0.01599838212132454,0.9160277843475342,-3.04473876953125,-0.004922723863273859,-0.042929887771606445,,0.004348495975136757,-27.538639068603516,,0.10629729926586151,-0.30044862627983093,,,-0.008417997509241104,0.9686704874038696,0.02064851112663746,-0.024879951030015945,,-3.638564109802246,0.015652475878596306,0.380201131105423,224,0.11478014290332794,224,784.6446752548218,-0.002114400500431657,-0.002994843991473317,0.007636130787432194,,,0.9812684059143066,177803.633938017,,0.14190086722373962,,,,-26.70673942565918,,2.2140610218048096,772.2784242630005,0.9854564666748047,0.04578632116317749,0.006956034805625677,0.07859597355127335,-3.109893560409546,4.999999873689376e-05,-0.002214061329141259,,-27.10982894897461,138240,12.359344244003296,0.5805483460426331,0.06206606328487396,0.009533349424600601,0.031398482620716095,0.2595888376235962,225
-2.5503363609313965,0.905216634273529,-20.830900192260742,31795200.0,2.935781955718994,1781201231.0909965,-0.02592250145971775,0.08866123110055923,0.05901816859841347,4.900686264038086,-0.008526774123311043,182012.48122286797,0.01605048030614853,0.9166079759597778,-2.944589614868164,-0.00490068644285202,-0.05151227116584778,-0.026624999940395355,0.011845352128148079,-21.24626922607422,0.051859527826309204,0.1096557080745697,-0.22650888562202454,71.20285820960999,-0.026624999940395355,-0.013578098267316818,0.9682661294937134,0.019447438418865204,-0.02452513575553894,-0.024775000289082527,-3.4996485710144043,0.014954089187085629,0.3737158179283142,229,0.08699865639209747,229,845.0280714035034,-0.0020448537543416023,-0.0029357820749282837,0.007646376267075539,0.0528777539730072,-0.024775000289082527,0.9806981682777405,182055.582077091,1440.0,0.14547932147979736,0.0003103108610957861,-0.02592250145971775,-0.00012408196926116943,-20.456130981445312,0.0007698424160480499,2.2046432495117188,763.1759147644043,0.9857748746871948,0.05071919411420822,0.03205113857984543,0.08098015934228897,-2.9981915950775146,4.941981751471758e-05,-0.002204643562436104,0.05277593061327934,-20.84443473815918,138240,10.615049123764038,0.5770484209060669,0.06332039833068848,0.008587896823883057,0.03425705060362816,0.26156729459762573,230
-1.8923768997192383,0.914354681968689,-19.82630157470703,32486400.0,2.8966517448425293,1781205106.1238256,,0.0876811072230339,0.04967176541686058,4.902858734130859,-0.04079790413379669,185886.59003543854,0.006693963427096605,0.9334703683853149,-2.2827603816986084,-0.0049028582870960236,-0.04286558926105499,,-0.026015279814600945,-20.30963706970215,,0.08932158350944519,-0.05032512918114662,,,-0.042667269706726074,0.972161591053009,0.015139834024012089,-0.024575119838118553,,-2.8034143447875977,0.01227599661797285,0.3742295205593109,234,0.09212532639503479,234,774.2436485290527,-0.001585250487551093,-0.002896652091294527,0.006221041548997164,,,0.9825673699378967,185930.614867983,,0.13059940934181213,,,,-19.454973220825195,,2.168816089630127,763.5588178634644,0.9867643117904663,0.03259526565670967,0.08061596751213074,0.073861263692379,-2.326184034347534,4.999999873689376e-05,-0.0021688160486519337,,-19.863637924194336,138240,10.681615114212036,0.698433518409729,0.056995540857315063,0.0060903956182301044,0.027749907225370407,0.2356635183095932,235
-1.7239737510681152,0.9262872934341431,-11.446166038513184,33177600.0,2.879899263381958,1781209052.2113757,-0.02592250145971775,0.0940757617354393,0.04847344383597374,4.890781879425049,-0.03784831613302231,189831.77651834488,0.005112951621413231,0.9453192949295044,-2.1136205196380615,-0.004890781827270985,-0.048844557255506516,-0.026624999940395355,-0.020879339426755905,-11.947476387023926,0.042004138231277466,0.1006891280412674,-0.17584998905658722,72.62040948867798,-0.026624999940395355,-0.04429398477077484,0.9721766710281372,0.011754950508475304,-0.024690523743629456,-0.024775000289082527,-2.6037919521331787,0.009710906073451042,0.3753717541694641,239,0.08550392836332321,239,848.3583397865295,-0.0014677917351946235,-0.002879899460822344,0.006525515578687191,0.042235925793647766,-0.024775000289082527,0.982672929763794,189876.70249403,1440.0,0.12886962294578552,-0.0032277374994009733,-0.02592250145971775,-0.0037486206274479628,-11.075044631958008,-0.0024886205792427063,2.1540579795837402,764.905433177948,0.9863606691360474,0.02723541297018528,0.04084499180316925,0.0660918653011322,-2.1471288204193115,4.999999873689376e-05,-0.002154058311134577,0.042161788791418076,-11.439581871032715,138240,10.818422079086304,0.7166471481323242,0.051378339529037476,0.005062781739979982,0.02366737276315689,0.2375859022140503,240
-1.423880934715271,0.928330659866333,-14.114519119262695,33868800.0,2.8240902423858643,1781212958.7587845,,0.08616411685943604,0.04741843789815903,4.900000095367432,-0.05491339787840843,193737.44205260277,0.002157971728593111,0.944859504699707,-1.8090389966964722,-0.004900000058114529,-0.041418787091970444,,-0.03735840320587158,-14.272747039794922,,0.11216998845338821,-0.10147491842508316,,,-0.06465654075145721,0.973136305809021,0.01074888277798891,-0.024825111031532288,,-2.2501020431518555,0.008956721052527428,0.3601680397987366,244,0.09786330163478851,244,793.2017271518707,-0.001256277086213231,-0.0028240904211997986,0.0063309380784630775,,,0.9837671518325806,193783.249857015,,0.12127865850925446,,,,-13.743526458740234,,2.105468988418579,782.373331785202,0.9864453077316284,0.0195443257689476,0.06638859212398529,0.06646285206079483,-1.8276739120483398,4.999999873689376e-05,-0.002105469349771738,,-14.043597221374512,138240,10.824403285980225,0.7759368419647217,0.04828043654561043,0.002586131915450096,0.022373205050826073,0.2307436168193817,245
-1.2546652555465698,0.9189146757125854,-25.124767303466797,34560000.0,2.8066349029541016,1781216904.582142,-0.02592250145971775,0.08783863484859467,0.055609241127967834,4.896831512451172,-0.043393511325120926,197682.25391554832,0.004555391147732735,0.9276314377784729,-1.634454607963562,-0.004896831698715687,-0.045803193002939224,-0.026624999940395355,-0.04192443937063217,-25.85719871520996,0.08339162170886993,0.11223804950714111,-0.07567503303289413,71.34822511672974,-0.026624999940395355,-0.05792868137359619,0.9712886810302734,0.017401359975337982,-0.024064240977168083,-0.024775000289082527,-2.089674949645996,0.013725454919040203,0.38479068875312805,249,0.08938534557819366,249,846.4409272670746,-0.00113503891043365,-0.002806635107845068,0.006304680369794369,0.08614559471607208,-0.024775000289082527,0.9821200966835022,197729.073079321,1440.0,0.1352778524160385,0.011129572056233883,-0.02592250145971775,0.010569289326667786,-24.753963470458984,0.012059798464179039,2.0613272190093994,764.3157343864441,0.986522376537323,0.036823615431785583,0.07708370685577393,0.07073424756526947,-1.6595982313156128,4.999999873689376e-05,-0.0020613274537026882,0.08523371070623398,-25.245311737060547,138240,10.757981061935425,0.6720455884933472,0.05860823765397072,0.004602635744959116,0.02682742103934288,0.24209344387054443,250
-1.0060759782791138,0.941718578338623,-11.248244285583496,35251200.0,2.7768025398254395,1781220779.9718983,,0.09498463571071625,0.04105326160788536,4.890611171722412,-0.05326280742883682,201556.6811258793,0.005214915610849857,0.9467682838439941,-1.3785607814788818,-0.00489061139523983,-0.032720208168029785,,-0.0630759671330452,-11.61929702758789,,0.0903397724032402,-0.07470003515481949,,,-0.07847081869840622,0.972590446472168,0.011199713684618473,-0.02407512255012989,,-1.7328596115112305,0.010187958367168903,0.3808094561100006,254,0.09796719253063202,254,774.4744267463684,-0.0009573337156325579,-0.0027768027503043413,0.005692243576049805,,,0.9841532707214355,201604.462944113,,0.11817853152751923,,,,-10.804370880126953,,1.997626781463623,763.8312377929688,0.9865251779556274,0.01987311616539955,0.0770944207906723,0.07211677730083466,-1.372498869895935,4.999999873689376e-05,-0.0019976268522441387,,-11.223971366882324,138240,10.640257596969604,0.770929217338562,0.05529209226369858,0.0028144903481006622,0.022090431302785873,0.23036612570285797,255
