train/ghas/loss_critic,collection/transporter/reward/episode_reward_mean,train/ghas/explained_variance,eval/ghas/reward/episode_reward_min,timers/evaluation_time,train/ghas/ESS,eval/orchestrator/reward/episode_reward_mean,_step,timers/training_time,collection/ghas/reward/episode_reward_mean,train/transporter/entropy,train/orchestrator/entropy,eval/orchestrator/reward/episode_reward_min,train/transporter/ESS,train/ghas/entropy,timers/iteration_time,train/transporter/kl_approx,eval/orchestrator/reward/episode_reward_max,eval/reward/episode_reward_min,collection/transporter/reward/episode_reward_max,collection/ghas/reward/episode_reward_max,_runtime,eval/transporter/reward/episode_reward_mean,train/orchestrator/loss_entropy,train/transporter/grad_norm_loss_critic,train/ghas/loss_entropy,train/orchestrator/explained_variance,eval/ghas/reward/episode_reward_max,eval/reward/episode_reward_max,train/transporter/grad_norm_loss_objective,timers/total_time,train/transporter/loss_entropy,counters/iter,train/orchestrator/loss_critic,counters/current_frames,train/orchestrator/loss_objective,train/transporter/clip_fraction,train/transporter/loss_critic,eval/transporter/reward/episode_reward_max,train/orchestrator/ESS,eval/reward/episode_reward_mean,collection/reward/episode_reward_mean,eval/ghas/reward/episode_reward_mean,collection/orchestrator/reward/episode_reward_max,train/ghas/grad_norm_loss_objective,collection/transporter/reward/episode_reward_min,train/transporter/explained_variance,eval/transporter/reward/episode_reward_min,train/orchestrator/clip_fraction,collection/reward/episode_reward_max,train/ghas/clip_fraction,collection/orchestrator/reward/episode_reward_mean,train/orchestrator/grad_norm_loss_critic,collection/ghas/reward/episode_reward_min,train/ghas/kl_approx,train/orchestrator/grad_norm_loss_objective,train/ghas/grad_norm_loss_critic,train/orchestrator/kl_approx,eval/reward/episode_len_mean,counters/total_frames,collection/reward/reward_max,train/transporter/loss_objective,collection/reward/reward_mean,timers/collection_time,collection/orchestrator/reward/episode_reward_min,_timestamp,train/ghas/loss_objective,collection/reward/reward_min,collection/reward/episode_reward_min
0.006053555756807327,-8.583589553833008,0.23682546615600586,0.02062273770570755,68.53273272514343,0.9911401271820068,-0.02592250145971775,0,2.221837282180786,-2.88080096244812,3.90219783782959,5.509495258331299,-0.026624999940395355,0.9579418301582336,1.087569236755371,260.076447725296,0.030419087037444115,-0.024775000289082527,-0.010875754058361053,-6.684765815734863,-0.6493827104568481,260.132991463,-0.02592250145971775,-0.05509495362639427,0.3003458082675934,-0.010875691659748554,0.028165163472294807,0.021022293716669083,-0.009509670548141003,0.026003751903772354,260.076447725296,-0.03902197629213333,0,0.008616890758275986,34560,0.18891993165016174,0.1433919072151184,0.03118956834077835,-0.024775000289082527,0.9793472290039062,-0.010297202505171299,-4.904847621917725,0.02095339260995388,-1.07676100730896,0.009617549367249012,-10.993020057678223,0.20033136010169983,-0.026624999940395355,0.13169848918914795,-2.8036365509033203,0.04323730617761612,-3.250152111053467,0.15334701538085938,-5.068422317504883,0.0045193862169981,0.01060301810503006,0.06259828805923462,0.033978234976530075,1440.0,34560,4.470912244869396e-05,0.5344647765159607,-0.0022570504806935787,189.29264664649963,-5.43189001083374,1780340978.0827534,0.1729971021413803,-0.02643849514424801,-6.998517036437988
0.007308558560907841,-8.91765022277832,0.5031040906906128,,,0.9809490442276001,,1,2.0767393112182617,-3.27980375289917,3.8681814670562744,5.494100570678711,,0.9765664339065552,1.0953223705291748,192.6695909500122,0.019724786281585693,,,-7.366943359375,-1.5671911239624023,452.803233827,,-0.05494100600481033,0.4919045567512512,-0.010953223332762718,0.2475769817829132,,,0.027361100539565086,452.7460386753082,-0.03868181258440018,1,0.008453496731817722,34560,0.20236700773239136,0.1028645783662796,0.03877267986536026,,0.9815806150436401,,-5.283074378967285,,-1.9531614780426025,0.001898285816423595,-11.102821350097656,0.427385151386261,,0.12414279580116272,-3.638007879257202,0.1672055721282959,-3.651768207550049,0.15309371054172516,-5.898219108581543,0.009580936282873154,0.012803702615201473,0.07736582309007645,0.03290396183729172,,69120,4.000999251729809e-05,0.5319234728813171,-0.002535949693992734,190.59115886688232,-6.183229923248291,1780341170.7530239,0.18441592156887054,-0.015826813876628876,-7.728090286254883
0.00745251914486289,-8.513856887817383,0.6274340152740479,,,0.9883831739425659,,2,2.082911968231201,-3.096994161605835,3.8566482067108154,5.473999977111816,,0.9685830473899841,1.095747470855713,193.0392506122589,0.02359454333782196,,,-6.767976760864258,-1.2311785221099854,645.843262765,,-0.054739996790885925,0.5578905940055847,-0.010957473888993263,0.33182621002197266,,,0.030057065188884735,645.7852892875671,-0.038566481322050095,2,0.008657485246658325,34560,0.17768797278404236,0.1257559359073639,0.03594578057527542,,0.978190541267395,,-5.0214128494262695,,-1.5716681480407715,0.0026577317621558905,-12.196895599365234,0.5434235334396362,,0.13251952826976776,-3.190274715423584,0.0014512803172692657,-3.4533863067626953,0.15138700604438782,-6.375347137451172,0.006616145838052034,0.013082068413496017,0.06763696670532227,0.033908210694789886,,103680,4.706919571617618e-05,0.47925716638565063,-0.0023981845006346703,190.9546070098877,-6.705718994140625,1780341363.7930312,0.15552766621112823,-0.028289446607232094,-8.425987243652344
0.005896132439374924,-8.864862442016602,0.7670881748199463,0.010843779891729355,67.09043502807617,0.9975377321243286,-0.02592250145971775,3,2.057126760482788,-3.411020278930664,3.8549537658691406,5.454921245574951,-0.026624999940395355,0.982716977596283,1.0976340770721436,261.34367871284485,0.017851054668426514,-0.024775000289082527,-0.014133705757558346,-7.046375751495361,-1.7018864154815674,907.27969454,-0.02592250145971775,-0.054549213498830795,0.6363805532455444,-0.010976340621709824,0.3820141553878784,0.010848883539438248,-0.012900806963443756,0.026477865874767303,907.128968000412,-0.03854953497648239,3,0.007544410414993763,34560,0.1844979226589203,0.10555917024612427,0.03561835363507271,-0.024775000289082527,0.980373203754425,-0.013665802776813507,-5.350646018981934,0.01084759272634983,-1.9927016496658325,0.0016503236256539822,-10.781535148620605,0.5856143832206726,-0.026624999940395355,0.13994503021240234,-3.70176100730896,0.0,-3.7760543823242188,0.16976869106292725,-5.521204471588135,0.0013351836241781712,0.013563797809183598,0.07628113031387329,0.03738171607255936,1440.0,138240,2.499999936844688e-05,0.4754070043563843,-0.002622260246425867,192.18530321121216,-5.750914096832275,1780341625.229478,0.15953098237514496,-0.019022390246391296,-7.280614376068115
0.006012985482811928,-9.000980377197266,0.7640905380249023,,,0.9997216463088989,,4,2.0697021484375,-3.412139415740967,3.8583052158355713,5.439663887023926,,0.9768761396408081,1.0976381301879883,192.9098961353302,0.020024262368679047,,,-7.702731609344482,-1.9112921953201294,1100.190478015,,-0.05439663678407669,0.6869914531707764,-0.010976380668580532,0.35302042961120605,,,0.025696981698274612,1100.0388641357422,-0.03858305141329765,4,0.00721715297549963,34560,0.17187517881393433,0.0948386862874031,0.03343145176768303,,0.9805513620376587,,-5.397897720336914,,-2.235167980194092,0.001602459466084838,-10.670859336853027,0.6101539134979248,,0.13513092696666718,-4.041832447052002,0.0,-3.7805733680725098,0.16629356145858765,-5.15744686126709,0.00017578645201865584,0.013868261128664017,0.07303917407989502,0.037431105971336365,,172800,4.999999873689376e-05,0.4548758268356323,-0.0026253985706716776,190.83849215507507,-5.510910987854004,1780341818.1401784,0.14536836743354797,-0.024798117578029633,-7.113072872161865
0.005973254330456257,-8.367193222045898,0.7152847051620483,,,0.9996201992034912,,5,2.10304594039917,-2.898789167404175,3.865230083465576,5.427103042602539,,0.982358455657959,1.097690224647522,193.21435523033142,0.01839268207550049,,,-6.379276752471924,-1.4511059522628784,1293.405650261,,-0.05427102744579315,0.6465344429016113,-0.010976902209222317,0.33571285009384155,,,0.022376101464033127,1293.2532193660736,-0.03865230083465576,5,0.007117987144738436,34560,0.12788063287734985,0.0991717278957367,0.028884567320346832,,0.9804635643959045,,-4.848038673400879,,-1.7642790079116821,0.0011904104612767696,-11.602740287780762,0.6240804195404053,,0.1350296586751938,-3.198220729827881,0.0,-3.2781333923339844,0.1343999058008194,-6.623928070068359,0.0001889970008051023,0.011692194268107414,0.05298704653978348,0.03338105231523514,,207360,4.5191802200861275e-05,0.3854389488697052,-0.0022764813620597124,191.10956859588623,-6.910147190093994,1780342011.3553293,0.1017364114522934,-0.018394457176327705,-8.378938674926758
0.004208988975733519,-8.626249313354492,0.765810489654541,,,0.999582052230835,,6,2.084610939025879,-3.1267271041870117,3.8493661880493164,5.423334121704102,,0.9771193265914917,1.0976800918579102,192.9241533279419,0.020118514075875282,,,-6.633828639984131,-1.3054839372634888,1486.419100897,,-0.054233334958553314,0.681665301322937,-0.010976800695061684,0.4426921606063843,,,0.023772746324539185,1486.1773726940155,-0.03849365934729576,6,0.0051159365102648735,34560,0.13058291375637054,0.09734157472848892,0.025834443047642708,,0.9792006015777588,,-5.074249267578125,,-1.747614860534668,0.0011583641171455383,-10.465381622314453,0.7012696862220764,,0.14947554469108582,-3.41489577293396,0.0,-3.4697704315185547,0.14600977301597595,-4.734688758850098,0.00027249715640209615,0.012021001428365707,0.05795449763536453,0.03526269644498825,,241920,4.781757888849825e-05,0.37645596265792847,-0.0024095631670206785,190.83788299560547,-5.085902214050293,1780342204.368849,0.1079864352941513,-0.011733558028936386,-6.761991024017334
0.0038796360604465008,-8.488997459411621,0.7504867315292358,0.014893615618348122,68.06341934204102,0.9983614683151245,-0.02592250145971775,7,2.096734046936035,-3.0463271141052246,3.845769166946411,5.421131134033203,-0.026624999940395355,0.9728227853775024,1.0960943698883057,261.0669369697571,0.02267661690711975,-0.024775000289082527,-0.012783720158040524,-6.917527675628662,-1.5927910804748535,1747.486961265,-0.02592250145971775,-0.05421130359172821,0.666974663734436,-0.01096094399690628,0.4425279498100281,0.01489883940666914,-0.011551082134246826,0.02377457544207573,1747.2443096637726,-0.03845769166946411,7,0.004989292472600937,34560,0.11834453046321869,0.1228841096162796,0.023678015917539597,-0.024775000289082527,0.9817858934402466,-0.01231589075177908,-4.976718902587891,0.014897326938807964,-1.8907490968704224,0.0011297058081254363,-9.936247825622559,0.7326185703277588,-0.026624999940395355,0.12968388199806213,-3.467022657394409,0.0,-3.394831418991089,0.1394459754228592,-4.666049003601074,0.001095424871891737,0.011147793382406235,0.05524018779397011,0.03284437209367752,1440.0,276480,4.999999873689376e-05,0.34850141406059265,-0.002357522025704384,190.8960542678833,-4.974980354309082,1780342465.4367003,0.09662401676177979,-0.011158639565110207,-6.504654884338379
0.0037817051634192467,-8.174776077270508,0.6747010946273804,,,0.9935079216957092,,8,2.079467535018921,-2.714761734008789,3.834623098373413,5.420602798461914,,0.9722870588302612,1.0971026420593262,192.916246175766,0.023300863802433014,,,-6.527620792388916,-1.1901743412017822,1940.404006992,,-0.05420602858066559,0.6221823692321777,-0.010971025563776493,0.42866310477256775,,,0.022968310862779617,1940.1605558395386,-0.03834623098373413,8,0.004938988480716944,34560,0.08941139280796051,0.1416051834821701,0.022010445594787598,,0.983954906463623,,-4.65655517578125,,-1.5172823667526245,0.0011776972096413374,-10.533343315124512,0.7448626756668091,,0.11288338899612427,-3.1404595375061035,0.0,-3.0801262855529785,0.1093282550573349,-4.649959564208984,0.003648854326456785,0.009702692739665508,0.04114872217178345,0.027087418362498283,,311040,4.999999873689376e-05,0.3034668564796448,-0.0021389767061918974,190.834867477417,-5.063740253448486,1780342658.3537292,0.06915592402219772,-0.014115403406322002,-6.749014854431152
0.0036368933506309986,-8.280482292175293,0.6076573133468628,,,0.9974018335342407,,9,2.097852945327759,-2.8147332668304443,3.8364696502685547,5.417048454284668,,0.97808438539505,1.0980496406555176,193.46363997459412,0.0197114497423172,,,-6.488220691680908,-1.6025818586349487,2133.955343996,,-0.054170481860637665,0.6344060897827148,-0.010980496183037758,0.4883214235305786,,,0.02043546736240387,2133.6241958141327,-0.03836469724774361,9,0.004638032056391239,34560,0.0902320146560669,0.11812065541744232,0.020289160311222076,,0.9837427139282227,,-4.748343467712402,,-1.9238773584365845,0.0010097948834300041,-10.321809768676758,0.8089687824249268,,0.11519458889961243,-3.338226795196533,0.0,-3.1498141288757324,0.11940287053585052,-4.73561954498291,0.0014816552866250277,0.00952182151377201,0.04241453856229782,0.02911454252898693,,345600,4.441403871169314e-05,0.29919421672821045,-0.002187370788305998,191.36418771743774,-5.071505069732666,1780342851.9051485,0.06996504217386246,-0.010311157442629337,-6.7096452713012695
0.004559492692351341,-8.504365921020508,0.5380904674530029,,,0.9952648282051086,,10,2.073143482208252,-3.1197509765625,3.8333752155303955,5.413031578063965,,0.9790799617767334,1.096975564956665,193.13923263549805,0.019540131092071533,,,-6.65241003036499,-1.4782438278198242,2327.095425702,,-0.05413031578063965,0.6577174663543701,-0.010969754308462143,0.5153318643569946,,,0.020662855356931686,2326.7634284496307,-0.03833375126123428,10,0.00548525620251894,34560,0.10365515202283859,0.09605034440755844,0.020750131458044052,,0.9810633063316345,,-5.033829689025879,,-1.7226747274398804,0.0012545434292405844,-11.19906997680664,0.8254793882369995,,0.13535155355930328,-3.392483711242676,0.0,-3.4773709774017334,0.14059022068977356,-5.583165168762207,0.002450544387102127,0.010767390951514244,0.05247462913393974,0.03357920050621033,,380160,4.778033326147124e-05,0.2965756952762604,-0.002414840506389737,191.06451034545898,-5.813669681549072,1780343045.0451744,0.08296799659729004,-0.014991615898907185,-7.419177532196045
0.005332897417247295,-8.269482612609863,0.46639353036880493,0.013101473450660706,67.40066432952881,0.9957925081253052,-0.02592250145971775,11,2.0846621990203857,-2.996372938156128,3.8294143676757812,5.408854961395264,-0.026624999940395355,0.9823262691497803,1.0975104570388794,261.38295316696167,0.01835515722632408,-0.024775000289082527,-0.013376619666814804,-6.010195732116699,-1.068321704864502,2588.478899465,-0.02592250145971775,-0.05408855155110359,0.6023887991905212,-0.010975103825330734,0.5061966180801392,0.013495141640305519,-0.01214542519301176,0.01982194185256958,2588.1463816165924,-0.038294143974781036,11,0.006103280000388622,34560,0.08559343218803406,0.10475984215736389,0.018928077071905136,-0.024775000289082527,0.9805154800415039,-0.01289360411465168,-4.869877338409424,0.013164189644157887,-1.4065221548080444,0.0011040146928280592,-11.514055252075195,0.8406680226325989,-0.026624999940395355,0.14280599355697632,-2.8283467292785645,0.0,-3.343776226043701,0.12878605723381042,-5.906814098358154,0.002050726441666484,0.01033543236553669,0.04470503330230713,0.029990162700414658,1440.0,414720,4.999999873689376e-05,0.262603759765625,-0.002322066342458129,191.88705253601074,-6.210442543029785,1780343306.428722,0.06841155886650085,-0.017017334699630737,-7.877104759216309
0.005800193175673485,-8.798219680786133,0.4469751715660095,,,0.9987908601760864,,12,2.0618057250976562,-3.356602430343628,3.8248162269592285,5.404919624328613,,0.9682949185371399,1.097960114479065,193.04943943023682,0.025272831320762634,,,-7.276662349700928,-1.7344006299972534,2781.627680146,,-0.05404919758439064,0.6455920934677124,-0.010979601182043552,0.45312437415122986,,,0.02131044864654541,2781.195821046829,-0.03824816271662712,12,0.006635233294218779,34560,0.09499621391296387,0.1207103580236435,0.01937553472816944,,0.9815268516540527,,-5.269960403442383,,-2.0833191871643066,0.0011338084004819393,-12.206535339355469,0.8398144245147705,,0.13838252425193787,-3.7008838653564453,0.0,-3.655059814453125,0.13514524698257446,-6.886884689331055,0.0006585384253412485,0.011049993336200714,0.05490632355213165,0.032134681940078735,,449280,4.999999873689376e-05,0.2731279134750366,-0.002538235392421484,190.98602271080017,-7.093863487243652,1780343499.5774128,0.08399422466754913,-0.01858576573431492,-8.729094505310059
0.004851389676332474,-8.507349014282227,0.47886139154434204,,,0.9984931945800781,,13,2.069962739944458,-3.2197749614715576,3.810382843017578,5.399893283843994,,0.9730395674705505,1.097135305404663,192.9468812942505,0.023450037464499474,,,-7.233137130737305,-1.3640334606170654,2974.575186143,,-0.053998932242393494,0.5806646347045898,-0.010971352458000183,0.5254271626472473,,,0.018920252099633217,2974.1427023410797,-0.03810383006930351,13,0.005498324986547232,34560,0.08217249810695648,0.1418764442205429,0.01717432402074337,,0.9830631017684937,,-5.0959696769714355,,-1.763533353805542,0.0010456559248268604,-11.728416442871094,0.8577030897140503,,0.12221498787403107,-3.5760388374328613,0.0,-3.560784339904785,0.11876629292964935,-6.194746017456055,0.000877958838827908,0.01036502979695797,0.0455198660492897,0.029130902141332626,,483840,4.999999873689376e-05,0.23915636539459229,-0.002472766675055027,190.87532687187195,-6.5157012939453125,1780343692.5250132,0.07005515694618225,-0.011851933784782887,-8.14628791809082
0.004765685647726059,-8.6129789352417,0.4891880750656128,,,0.9919997453689575,,14,2.0695931911468506,-3.3561294078826904,3.820704460144043,5.3989176750183105,,0.9810036420822144,1.0944712162017822,193.00141954421997,0.018739335238933563,,,-6.8755412101745605,-1.5827598571777344,3167.577487749,,-0.05398917570710182,0.5515681505203247,-0.010944711975753307,0.54961758852005,,,0.01774396002292633,3167.1441218852997,-0.0382070429623127,14,0.00540031585842371,34560,0.08549335598945618,0.11031177639961243,0.01573101431131363,,0.9813365340232849,,-5.223771095275879,,-1.9203037023544312,0.001097742235288024,-10.377727508544922,0.8703720569610596,,0.13678747415542603,-3.4595351219177246,0.0,-3.7022032737731934,0.12573076784610748,-5.133429050445557,0.00445479154586792,0.010454211384057999,0.05029648169875145,0.03198288753628731,,518400,2.499999936844688e-05,0.22737574577331543,-0.0025709744077175856,190.9299075603485,-5.400091648101807,1780343885.5272129,0.07311102747917175,-0.014287627302110195,-6.859345436096191
0.005655483342707157,-8.739753723144531,0.5192136764526367,0.014848207123577595,67.07643699645996,0.9914501905441284,-0.02592250145971775,15,2.0943148136138916,-3.6630427837371826,3.8095173835754395,5.39686918258667,-0.026624999940395355,0.9769891500473022,1.0958577394485474,260.22561407089233,0.020899299532175064,-0.024775000289082527,-0.01279910933226347,-6.956157684326172,-1.9963244199752808,3427.899213067,-0.02592250145971775,-0.05396869033575058,0.5280786752700806,-0.010958576574921608,0.5848882794380188,0.015258921310305595,-0.011567264795303345,0.018664192408323288,3427.369735956192,-0.038095176219940186,15,0.006234347820281982,34560,0.09425069391727448,0.10539279133081436,0.016792144626379013,-0.024775000289082527,0.9815769195556641,-0.012317522428929806,-5.457220077514648,0.014892433770000935,-2.293684959411621,0.001286644721403718,-11.26274585723877,0.8606575727462769,-0.026624999940395355,0.13679832220077515,-3.8960723876953125,0.0,-3.9688644409179688,0.149112731218338,-6.173593044281006,0.00433502160012722,0.011296995915472507,0.06365096569061279,0.03308161348104477,1440.0,552960,2.499999936844688e-05,0.21537286043167114,-0.0027561564929783344,191.0388844013214,-6.44215202331543,1780344145.848909,0.08819931000471115,-0.029259730130434036,-7.879758834838867
0.005718821194022894,-8.702220916748047,0.5473812818527222,,,0.9957567453384399,,16,2.119349956512451,-3.5603556632995605,3.818371295928955,5.393621444702148,,0.9794531464576721,1.0969319343566895,194.75527834892273,0.01840883307158947,,,-6.442963123321533,-1.0367834568023682,3622.655010276,,-0.05393621325492859,0.4826706647872925,-0.010969318449497223,0.6116331815719604,,,0.01723366416990757,3622.1250143051147,-0.03818371146917343,16,0.006123693659901619,34560,0.08382201939821243,0.11865595728158951,0.014981770887970924,,0.9823375940322876,,-5.38226318359375,,-1.390570044517517,0.0010659410618245602,-11.998894691467285,0.8717040419578552,,0.1347149908542633,-2.9567723274230957,0.0,-3.884212017059326,0.1400609314441681,-6.839703559875488,0.00212286994792521,0.011220958083868027,0.05818427354097366,0.03098224475979805,,587520,2.499999936844688e-05,0.19686980545520782,-0.0026973697822541,192.63432264328003,-7.145046710968018,1780344340.6048286,0.07567593455314636,-0.017394239082932472,-8.508204460144043
0.0025865891948342323,-8.255331993103027,0.688723087310791,,,0.998290479183197,,17,2.072094678878784,-2.956799268722534,3.819521427154541,5.396995544433594,,0.9881535768508911,1.096885323524475,193.65562868118286,0.013645540922880173,,,-6.953422546386719,-1.4462664127349854,3816.311469565,,-0.05396995693445206,0.37491950392723083,-0.010968852788209915,0.7188464999198914,,,0.012752617709338665,3815.7806429862976,-0.038195207715034485,17,0.0029966700822114944,34560,0.04006744921207428,0.06596498936414719,0.01001458428800106,,0.9856997728347778,,-4.829358100891113,,-1.6836923360824585,0.0006141448393464088,-10.907329559326172,0.9032849073410034,,0.09874854981899261,-3.3611268997192383,0.0,-3.2759413719177246,0.07416749000549316,-4.629570960998535,0.0006414939998649061,0.007134825922548771,0.02841857075691223,0.0191758181899786,,622080,5.964681622572243e-05,0.1498023271560669,-0.0022749595809727907,191.58186388015747,-4.936887264251709,1780344534.261171,0.032217543572187424,-0.016431191936135292,-6.824595928192139
0.004210178274661303,-8.410361289978027,0.5931026935577393,,,0.9928562045097351,,18,2.0609402656555176,-3.2075183391571045,3.8178017139434814,5.404731750488281,,0.9850040674209595,1.0972340106964111,194.19044184684753,0.015072915703058243,,,-6.4062275886535645,-1.3809988498687744,4010.601218329,,-0.05404731631278992,0.3661501705646515,-0.010972339659929276,0.5991897583007812,,,0.013882521539926529,4009.971084833145,-0.03817801922559738,18,0.004500363953411579,34560,0.04987019672989845,0.08019024133682251,0.012463985942304134,,0.9855986833572388,,-5.048162460327148,,-1.6505684852600098,0.0011516062077134848,-10.159832000732422,0.8762282729148865,,0.1009657084941864,-3.2664127349853516,0.0025092228315770626,-3.5266079902648926,0.09003759920597076,-4.767342567443848,0.003553596790879965,0.008521691896021366,0.03725162148475647,0.020392684265971184,,656640,2.499999936844688e-05,0.14618268609046936,-0.0024490333162248135,192.1276035308838,-5.110586166381836,1780344728.550945,0.04499070718884468,-0.012700281105935574,-6.635750770568848
0.004349249880760908,-8.108182907104492,0.5734015703201294,0.023725129663944244,68.3772280216217,0.9983994960784912,-0.02592250145971775,19,2.083160161972046,-2.9978885650634766,3.8241500854492188,5.4073615074157715,-0.026624999940395355,0.9872640371322632,1.0975251197814941,261.71190786361694,0.011448223143815994,-0.024775000289082527,-0.009551730006933212,-6.4125471115112305,-1.5981860160827637,4272.313763918,-0.02592250145971775,-0.05407361686229706,0.28361737728118896,-0.010975250974297523,0.6004241704940796,0.024610526859760284,-0.008608290925621986,0.011556614190340042,4271.682992696762,-0.03824150562286377,19,0.004126580432057381,34560,0.02847634255886078,0.07290942966938019,0.010738958604633808,-0.024775000289082527,0.9862934350967407,-0.009127546101808548,-4.808640480041504,0.02446236088871956,-1.8380028009414673,0.000828619347885251,-10.593541145324707,0.8840391635894775,-0.026624999940395355,0.09569227695465088,-3.3331198692321777,0.0,-3.3198485374450684,0.0567191019654274,-5.423659324645996,0.0008682888001203537,0.00794625747948885,0.02434626966714859,0.014962639659643173,1440.0,691200,2.499999936844688e-05,0.11108510196208954,-0.002305450616404414,191.24096751213074,-5.686588287353516,1780344990.2635756,0.027782104909420013,-0.010906201787292957,-7.038165092468262
0.004067198373377323,-8.398673057556152,0.525831937789917,,,0.9984797835350037,,20,2.0582640171051025,-3.1699485778808594,3.826514959335327,5.4158453941345215,,0.9915392398834229,1.0978116989135742,192.92551684379578,0.00995759479701519,,,-6.2572221755981445,-0.8907351493835449,4465.239915055,,-0.05415845289826393,0.29157888889312744,-0.01097811572253704,0.6324067115783691,,,0.01076110452413559,4464.608509540558,-0.03826515004038811,20,0.003934782464057207,34560,0.037655338644981384,0.04103732481598854,0.009763489477336407,,0.986703634262085,,-5.027246475219727,,-1.1318917274475098,0.0008948314352892339,-10.774382591247559,0.8925644159317017,,0.09127242118120193,-2.7599496841430664,0.0,-3.513117551803589,0.07498946785926819,-5.552764892578125,0.0008266355143859982,0.007893129251897335,0.029411356896162033,0.01704569160938263,,725760,4.806690776604228e-05,0.11617183685302734,-0.0024396651424467564,190.8655858039856,-5.905570030212402,1780345183.1897168,0.03582172840833664,-0.028738759458065033,-7.410906791687012
0.004089275375008583,-8.367857933044434,0.5271447896957397,,,0.9979699850082397,,21,2.0785443782806396,-3.1862988471984863,3.834787130355835,5.418511867523193,,0.9881036281585693,1.097581148147583,193.46786999702454,0.01206949818879366,,,-5.748044490814209,-1.2823312282562256,4658.810961364,,-0.05418511852622032,0.25959473848342896,-0.010975810699164867,0.6406114101409912,,,0.010675997473299503,4658.076379537582,-0.038347870111465454,21,0.004009481519460678,34560,0.03634721785783768,0.07284070551395416,0.009908463805913925,,0.9863276481628418,,-5.025264739990234,,-1.574338674545288,0.0007481751963496208,-10.497518539428711,0.8889096975326538,,0.09398147463798523,-2.9188334941864014,0.0,-3.5216379165649414,0.07254690676927567,-5.176943778991699,0.0012044771574437618,0.008206695318222046,0.026819754391908646,0.016738656908273697,,760320,2.499999936844688e-05,0.10272157192230225,-0.002445582067593932,191.3876919746399,-5.488274574279785,1780345376.7606442,0.03356623277068138,-0.011369392275810242,-7.054245948791504
0.002285304246470332,-8.420992851257324,0.633278489112854,,,0.9986365437507629,,22,2.068789005279541,-3.1242406368255615,3.838192939758301,5.420384883880615,,0.9890534281730652,1.0972661972045898,193.177672624588,0.010286400094628334,,,-6.941690444946289,-1.7814555168151855,4851.989609388,,-0.05420384556055069,0.23866452276706696,-0.010972661897540092,0.7615371346473694,,,0.009384650737047195,4851.25405216217,-0.03838192671537399,22,0.002313896780833602,34560,0.03013848327100277,0.061650022864341736,0.007665763609111309,,0.9883586168289185,,-5.000857830047607,,-2.1020941734313965,0.000616528675891459,-10.012371063232422,0.91250079870224,,0.07241391390562057,-3.6084136962890625,0.0,-3.457340717315674,0.05622917413711548,-4.732435703277588,0.0007907870458438993,0.0061611454002559185,0.021918555721640587,0.015926778316497803,,794880,7.24485726095736e-05,0.0956866592168808,-0.0024009302724152803,191.10707259178162,-5.156335353851318,1780345569.939283,0.027305617928504944,-0.01876855455338955,-6.633714199066162
0.004294867627322674,-8.308682441711426,0.47841426730155945,0.010237671434879303,67.17754483222961,0.9969415664672852,-0.02592250145971775,23,2.1100175380706787,-3.066556453704834,3.8345584869384766,5.421760082244873,-0.026624999940395355,0.9903342723846436,1.0972810983657837,260.3058819770813,0.008254612796008587,-0.024775000289082527,-0.014337442815303802,-6.05508279800415,-1.5406336784362793,5112.296298222,-0.02592250145971775,-0.05421760305762291,0.19330255687236786,-0.010972809977829456,0.6198616027832031,0.01043897308409214,-0.013041818514466286,0.009238515049219131,5111.559934139252,-0.0383455827832222,23,0.0041352855041623116,34560,0.02322516217827797,0.054976850748062134,0.008950123563408852,-0.024775000289082527,0.9862623810768127,-0.01384003646671772,-4.91914701461792,0.010324890725314617,-1.8242849111557007,0.0008061329135671258,-10.828824043273926,0.8946245312690735,-0.026624999940395355,0.0962962955236435,-3.140000343322754,0.0,-3.3822021484375,0.052399393171072006,-5.5420308113098145,0.001534970011562109,0.007692994549870491,0.01673491671681404,0.013986341655254364,1440.0,829440,4.999999873689376e-05,0.07761196792125702,-0.0023487512953579426,191.00342106819153,-5.8567070960998535,1780345830.2460508,0.021605025976896286,-0.027013249695301056,-7.369846343994141
0.004157223738729954,-8.488323211669922,0.4863710403442383,,,0.9958980083465576,,24,2.074390411376953,-3.166071653366089,3.8410377502441406,5.4235076904296875,,0.9907405376434326,1.0977530479431152,192.7921848297119,0.008809555321931839,,,-6.57845401763916,-1.2368016242980957,5305.188968554,,-0.054235078394412994,0.2069319784641266,-0.010977530851960182,0.6137636303901672,,,0.009600053541362286,5304.352118968964,-0.03841037675738335,24,0.003919074311852455,34560,0.028017062693834305,0.04749348759651184,0.009694775566458702,,0.9860259294509888,,-5.055586814880371,,-1.691969871520996,0.0009136350126937032,-11.478240013122559,0.8839894533157349,,0.09403934329748154,-3.1690750122070312,0.0,-3.5123653411865234,0.06320302188396454,-6.303909778594971,0.0022900509648025036,0.007687954232096672,0.022320043295621872,0.014690718613564968,,864000,4.534405161393806e-05,0.08009028434753418,-0.0024391422048211098,190.71584057807922,-6.5565667152404785,1780346023.138737,0.02678549289703369,-0.01414856780320406,-8.112905502319336
0.003865307429805398,-8.181376457214355,0.46639329195022583,,,0.9988073110580444,,25,2.0785510540008545,-3.0175464153289795,3.844467878341675,5.426914691925049,,0.9911314249038696,1.097642183303833,194.03216218948364,0.006912079639732838,,,-5.902892589569092,-1.0437172651290894,5499.221796955,,-0.05426914617419243,0.13857899606227875,-0.010976421646773815,0.6452511548995972,,,0.008880069479346275,5498.384281158447,-0.038444675505161285,25,0.003652928862720728,34560,0.013350743800401688,0.04026692733168602,0.009558961726725101,,0.987362802028656,,-4.843905448913574,,-1.26852285861969,0.0006919156876392663,-10.579964637756348,0.888925313949585,,0.08279441297054291,-2.738377571105957,0.0,-3.332792282104492,0.03961391746997833,-4.862473487854004,0.0005964521551504731,0.007382226176559925,0.014830104075372219,0.010320024564862251,,898560,4.654501753975637e-05,0.053169913589954376,-0.002314439043402672,191.9515290260315,-5.154726028442383,1780346217.1715724,0.016376636922359467,-0.024709992110729218,-6.865721702575684
0.0036429783795028925,-8.143239974975586,0.5182220935821533,,,0.9997415542602539,,26,2.1032962799072266,-2.9585371017456055,3.8443117141723633,5.42974853515625,,0.9916461706161499,1.0982260704040527,193.14239192008972,0.006958452519029379,,,-6.322249889373779,-1.0251843929290771,5692.364861027,,-0.05429748445749283,0.11559469997882843,-0.01098226010799408,0.6712906360626221,,,0.008123035542666912,5691.526673078537,-0.03844311833381653,26,0.0033249552361667156,34560,0.007099687121808529,0.03372395783662796,0.007685409393161535,,0.9873394966125488,,-4.783628463745117,,-1.3174923658370972,0.0008352285949513316,-10.200884819030762,0.907809853553772,,0.08352502435445786,-2.8883090019226074,0.0,-3.2491087913513184,0.027264397591352463,-5.09473180770874,0.00012613761646207422,0.007047474384307861,0.009767605923116207,0.008340800181031227,,933120,4.999999873689376e-05,0.04566865786910057,-0.0022563254460692406,191.03691387176514,-5.356357574462891,1780346410.3146658,0.011273358948528767,-0.015517654828727245,-6.844829559326172
0.005690308287739754,-8.124991416931152,0.4653307795524597,0.013866852968931198,67.29054546356201,0.9984672665596008,-0.02592250145971775,27,2.106306791305542,-3.040647506713867,3.8466744422912598,5.430020332336426,-0.026624999940395355,0.9911468029022217,1.098205804824829,260.66821694374084,0.006339570973068476,-0.024775000289082527,-0.01312771625816822,-6.0360517501831055,-1.0627288818359375,5953.132819399,-0.02592250145971775,-0.05430019646883011,0.1217566430568695,-0.010982058942317963,0.6176215410232544,0.013986123725771904,-0.011888965964317322,0.009162301197648048,5952.194890022278,-0.038466744124889374,27,0.00509760482236743,34560,0.010928541421890259,0.04150390625,0.010932069271802902,-0.024775000289082527,0.9856105446815491,-0.012649049051105976,-4.826260566711426,0.013897853903472424,-1.3568390607833862,0.0009738195221871138,-11.869806289672852,0.8789032697677612,-0.026624999940395355,0.10191333293914795,-2.841981887817383,0.0,-3.313142776489258,0.034612834453582764,-6.635910511016846,0.0008199153817258775,0.009088616818189621,0.017963677644729614,0.011074264533817768,1440.0,967680,2.499999936844688e-05,0.04391792044043541,-0.002300793305039406,191.26045060157776,-6.941878795623779,1780346671.0826294,0.01563214138150215,-0.03314172104001045,-8.482532501220703
0.0033664177171885967,-7.861123085021973,0.6147255301475525,,,0.9994510412216187,,28,2.0668582916259766,-2.7380435466766357,3.848971366882324,5.42948055267334,,0.992036759853363,1.098166823387146,192.87967801094055,0.004888478666543961,,,-5.934056282043457,-0.9999666810035706,6146.013135706,,-0.054294802248477936,0.05988369137048721,-0.010981668718159199,0.7230449914932251,,,0.007595015224069357,6145.074568033218,-0.03848971053957939,28,0.003206527093425393,34560,-0.00483036320656538,0.03275824710726738,0.007833212614059448,,0.9878301620483398,,-4.546171188354492,,-1.2985384464263916,0.0006809105398133397,-9.487160682678223,0.9092291593551636,,0.08016131073236465,-2.744187116622925,0.0,-3.0393474102020264,0.015322385355830193,-3.997415542602539,0.0002380743680987507,0.007309226784855127,0.005656789056956768,0.004306275397539139,,1002240,4.728688873001374e-05,0.023303743451833725,-0.0021106572821736336,190.81112909317017,-4.308681011199951,1780346863.9629352,-0.004637048579752445,-0.015020075254142284,-5.887048721313477
0.002887868322432041,-7.909597396850586,0.6482499241828918,,,0.9973971247673035,,29,2.075019121170044,-2.813074827194214,3.8542556762695312,5.429950714111328,,0.9923263788223267,1.0975546836853027,193.21251559257507,0.005624417215585709,,,-6.220872402191162,-1.0995677709579468,6339.226316559,,-0.05429951101541519,0.07084128260612488,-0.010975547134876251,0.7558106780052185,,,0.007589162327349186,6338.2870836257935,-0.03854255750775337,29,0.002509063109755516,34560,0.0023999407421797514,0.027282262220978737,0.007525313645601273,,0.9886356592178345,,-4.6154656410217285,,-1.3117331266403198,0.0006875779945403337,-9.846451759338379,0.9068872928619385,,0.0691189169883728,-2.8773913383483887,0.0,-3.1237244606018066,0.011691564694046974,-4.477996826171875,0.0011631047818809748,0.006293968763202429,0.005478427279740572,0.006362441927194595,,1036800,4.376882134238258e-05,0.02359047345817089,-0.0021692528389394283,191.13572478294373,-4.781052112579346,1780347057.1761084,0.00030825473368167877,-0.016025139018893242,-6.360908031463623
0.0068794963881373405,-8.316405296325684,0.46339327096939087,,,0.9986270070075989,,30,2.099661111831665,-3.347249746322632,3.8541927337646484,5.42908239364624,,0.9899603128433228,1.098029375076294,193.62506556510925,0.0073684221133589745,,,-5.9305100440979,-1.3839609622955322,6532.952743859,,-0.05429082363843918,0.13619819283485413,-0.010980293154716492,0.5782901644706726,,,0.008980754762887955,6531.912149190903,-0.03854192793369293,30,0.006142704747617245,34560,0.03137899190187454,0.04235026240348816,0.010230946354568005,,0.9848264455795288,,-5.100291728973389,,-1.5785244703292847,0.0009904769249260426,-10.906414985656738,0.8754181861877441,,0.10908926278352737,-2.964332103729248,0.0,-3.637219190597534,0.09145911037921906,-6.575981140136719,0.0006443375605158508,0.009540370665490627,0.03400901332497597,0.016775235533714294,,1071360,4.999999873689376e-05,0.04577789828181267,-0.0025258467067033052,191.52370262145996,-6.769023418426514,1780347250.9025502,0.03418206050992012,-0.024459514766931534,-7.976079940795898
0.004273048136383295,-8.22053337097168,0.5950844287872314,0.015071376226842403,66.69868731498718,0.9929852485656738,-0.02592250145971775,31,2.08792781829834,-3.0417840480804443,3.8539586067199707,5.428380966186523,-0.026624999940395355,0.9918996095657349,1.0954577922821045,261.09170269966125,0.006350780837237835,-0.024775000289082527,-0.01272127777338028,-6.703915119171143,-1.4477405548095703,6794.045074553,-0.02592250145971775,-0.05428381264209747,0.0845380648970604,-0.010954578407108784,0.6901512742042542,0.015146167948842049,-0.011489542201161385,0.008443813771009445,6793.003851890564,-0.0385395884513855,31,0.003918402828276157,34560,0.011970370076596737,0.03295717388391495,0.009089034982025623,-0.024775000289082527,0.9862866401672363,-0.012250042520463467,-4.870380401611328,0.015094873495399952,-1.8011410236358643,0.0008949321927502751,-11.052482604980469,0.8927909135818481,-0.026624999940395355,0.09423828125,-3.3221912384033203,0.0,-3.3488235473632812,0.024831054732203484,-5.73487663269043,0.004186671227216721,0.008083462715148926,0.01167946495115757,0.010514894500374794,1440.0,1105920,4.593644189299084e-05,0.03583967685699463,-0.0023255718406289816,192.29447555541992,-6.099887847900391,1780347511.9948711,0.013097390532493591,-0.018858378753066063,-7.629082679748535
